0000000000000
0000000000000
14A50676F7750
102C03F530589
10344F05C0619
0000000000000
0000000000000
0000000000000
0000000000000
0000000000000
0000000000000
0000000000000
142104D51F578
0000000000000
0000000000000
0000000000000
107A22A3603B9
0000000000000
0000000000000
0000000000000
0000000000000
0000000000000
0000000000000
0000000000000
0000000000000
0000000000000
0000000000000
0000000000000
0000000000000
0000000000000
0000000000000
0000000000000
0000000000000
13FE58F85F8B8
10E2060D47DA0
0000000000000
0000000000000
0000000000000
0000000000000
0000000000000
0000000000000
0000000000000
1042108C7CCD5
0000000000000
106A08635F3B8
0000000000000
0000000000000
0000000000000
0000000000000
0000000000000
0000000000000
0000000000000
0000000000000
0000000000000
0000000000000
0000000000000
0000000000000
0000000000000
0000000000000
0000000000000
0000000000000
105E0530D112A
102102C5755CE
0000000000000
0000000000000
102B5DA8AF908
0000000000000
0000000000000
0000000000000
0000000000000
0000000000000
12F49839729CB
0000000000000
0000000000000
0000000000000
0000000000000
0000000000000
0000000000000
10C518B3923EB
102F030C1AC73
0000000000000
123B07A33238B
103C09D62167A
104910A74279B
0000000000000
0000000000000
0000000000000
0000000000000
147E066B22B7B
10280219F6A4F
0000000000000
0000000000000
0000000000000
0000000000000
0000000000000
10160199D0A29
0000000000000
0000000000000
10321F0C29C82
0000000000000
0000000000000
0000000000000
104D06BA52AAB
0000000000000
0000000000000
0000000000000
0000000000000
0000000000000
0000000000000
0000000000000
0000000000000
0000000000000
0000000000000
0000000000000
0000000000000
0000000000000
10512658E9942
0000000000000
0000000000000
0000000000000
0000000000000
0000000000000
0000000000000
0000000000000
0000000000000
0000000000000
0000000000000
0000000000000
0000000000000
0000000000000
0000000000000
0000000000000
0000000000000
0000000000000
0000000000000
0000000000000
0000000000000
14A301A9859DE
0000000000000
0000000000000
0000000000000
125B086DA8E01
0000000000000
11EB0B46E273B
0000000000000
0000000000000
0000000000000
0000000000000
0000000000000
0000000000000
0000000000000
0000000000000
0000000000000
0000000000000
0000000000000
0000000000000
0000000000000
0000000000000
1047139340399
125A56484589E
19FE3DEB8BBE4
0000000000000
0000000000000
0000000000000
104904D50555E
0000000000000
0000000000000
0000000000000
0000000000000
0000000000000
0000000000000
10430782DD336
0000000000000
0000000000000
0000000000000
0000000000000
10D70675925EB
0000000000000
0000000000000
0000000000000
134313733338C
0000000000000
0000000000000
0000000000000
11AB013ADFB38
0000000000000
0000000000000
107405F2942ED
0000000000000
0000000000000
0000000000000
0000000000000
105C09C0E413D
0000000000000
0000000000000
0000000000000
0000000000000
0000000000000
10271611AF208
0000000000000
0000000000000
0000000000000
1C77AFDEF6F4F
0000000000000
10282244C8521
0000000000000
0000000000000
0000000000000
0000000000000
0000000000000
0000000000000
13210628508A9
0000000000000
0000000000000
0000000000000
0000000000000
0000000000000
0000000000000
0000000000000
0000000000000
0000000000000
0000000000000
0000000000000
0000000000000
0000000000000
0000000000000
0000000000000
0000000000000
0000000000000
0000000000000
0000000000000
0000000000000
0000000000000
10270BE0B8111
1A81D58EBFF18
0000000000000
104750B6B0709
0000000000000
0000000000000
0000000000000
0000000000000
184A3EBE85EDE
0000000000000
0000000000000
0000000000000
0000000000000
0000000000000
102904E2FD356
102104689D8F6
0000000000000
10B15AB58F5E8
0000000000000
0000000000000
0000000000000
0000000000000
0000000000000
0000000000000
0000000000000
0000000000000
0000000000000
0000000000000
0000000000000
10250232662BF
10B44D25905E9
10150135B460D
0000000000000
0000000000000
0000000000000
0000000000000
0000000000000
107461AD00D59
151116E60B664
1162D32D74DCD
104C20D8DF938
1A84276BA3BFC
0000000000000
1B0F05BBB0C09
0000000000000
0000000000000
0000000000000
0000000000000
104604F8D8931
0000000000000
143C4B77897E2
104D05163268B
104245E8D692F
10BB0451871E0
0000000000000
0000000000000
0000000000000
0000000000000
0000000000000
10B405064569E
0000000000000
0000000000000
1042275A31A8A
101301B56F5C8
127405C8478A0
106604E8F594E
104E2B52892E2
16330E89949ED
125B1E684689F
1068053CEFD48
19D604DEA5EFE
185E06EB6DBC6
0000000000000
0000000000000
0000000000000
0000000000000
0000000000000
115B04D6506A9
0000000000000
0000000000000
0000000000000
117A0603943ED
0000000000000
0000000000000
0000000000000
0000000000000
0000000000000
0000000000000
0000000000000
0000000000000
0000000000000
0000000000000
0000000000000
0000000000000
13C1456DE6E3F
102A0A272677F
0000000000000
0000000000000
115412F2972F0
0000000000000
0000000000000
0000000000000
0000000000000
10AB17B12417D
0000000000000
103F04D00605F
0000000000000
0000000000000
10371B257E5D7
0000000000000
0000000000000
0000000000000
12B605F39F3F8
1922458E96EEF
0000000000000
0000000000000
0000000000000
0000000000000
0000000000000
0000000000000
10220737BD816
0000000000000
104F03C3E243B
0000000000000
0000000000000
0000000000000
0000000000000
0000000000000
0000000000000
0000000000000
0000000000000
0000000000000
0000000000000
17C0D4EE73ECC
0000000000000
0000000000000
0000000000000
0000000000000
0000000000000
0000000000000
0000000000000
0000000000000
0000000000000
103C0C48C9922
16EE14770B764
104605C22627F
108604D1741CD
104139BC79CD2
0000000000000
104105F2682C1
0000000000000
0000000000000
0000000000000
0000000000000
0000000000000
14AE7AA8698C2
0000000000000
0000000000000
0000000000000
0000000000000
0000000000000
0000000000000
0000000000000
0000000000000
0000000000000
0000000000000
0000000000000
0000000000000
0000000000000
0000000000000
10230A07C0819
0000000000000
13140713663BF
0000000000000
0000000000000
0000000000000
103B7B2C51CAA
0000000000000
0000000000000
0000000000000
0000000000000
0000000000000
102F0E08B690F
0000000000000
0000000000000
0000000000000
0000000000000
0000000000000
10250303A63FF
0000000000000
10B11E63C541E
0000000000000
102D374C12C6B
105455E8EC945
0000000000000
0000000000000
0000000000000
0000000000000
0000000000000
1C76346EF5F4E
0000000000000
102F03DA00A59
0000000000000
0000000000000
0000000000000
0000000000000
0000000000000
0000000000000
0000000000000
0000000000000
0000000000000
0000000000000
104D380CAED07
0000000000000
103209DA06A5F
0000000000000
0000000000000
0000000000000
0000000000000
104AB8ECA0CF9
0000000000000
0000000000000
0000000000000
0000000000000
0000000000000
0000000000000
0000000000000
0000000000000
0000000000000
0000000000000
0000000000000
0000000000000
0000000000000
14AC4DE4EE547
0000000000000
0000000000000
0000000000000
10A50531C621F
0000000000000
106B0B35E463D
105108980B864
0000000000000
0000000000000
115104D3E7440
0000000000000
103A4844A34FC
0000000000000
0000000000000
0000000000000
0000000000000
0000000000000
0000000000000
0000000000000
0000000000000
0000000000000
15D371BE33E8C
105006963668F
168B383E45E9E
1032329C2AC83
17827AE7B0809
0000000000000
108F0612BF318
0000000000000
143A9CAB18B71
0000000000000
11DF04DD95DEE
0000000000000
0000000000000
0000000000000
0000000000000
105A33D329382
0000000000000
0000000000000
0000000000000
13883833B7410
0000000000000
0000000000000
0000000000000
0000000000000
0000000000000
0000000000000
0000000000000
103C04F5C261B
0000000000000
0000000000000
0000000000000
0000000000000
14D825052457D
0000000000000
0000000000000
0000000000000
104A04616D1C6
10B3D6ED34D8D
0000000000000
0000000000000
0000000000000
123E09F95B9B4
0000000000000
0000000000000
0000000000000
10770B226B2C4
0000000000000
0000000000000
0000000000000
0000000000000
0000000000000
0000000000000
138705B8598B2
0000000000000
0000000000000
0000000000000
0000000000000
10530A21961EF
1CC5067F11F6A
1E45054F39F92
0000000000000
0000000000000
0000000000000
0000000000000
10350FDC40C99
0000000000000
105103B2CC325
0000000000000
0000000000000
0000000000000
0000000000000
11F22ED48F4E8
0000000000000
1BAF16EEDAF33
0000000000000
0000000000000
0000000000000
0000000000000
0000000000000
0000000000000
0000000000000
0000000000000
108F1D5D18D71
13C604DDEAE43
103B1473A8401
0000000000000
0000000000000
102602952E587
0000000000000
0000000000000
0000000000000
0000000000000
0000000000000
0000000000000
0000000000000
0000000000000
0000000000000
0000000000000
0000000000000
0000000000000
0000000000000
0000000000000
0000000000000
0000000000000
0000000000000
0000000000000
11D906B94F9A8
0000000000000
0000000000000
0000000000000
0000000000000
0000000000000
0000000000000
0000000000000
0000000000000
0000000000000
10D90454DE537
104E0435D662F
103210C6936EC
0000000000000
1048328A44A9D
107C04D0CE127
10242759E5A3E
103C05CC53CAC
0000000000000
1CACD39F09F62
104A18C18A1E3
103D05B2832DC
0000000000000
0000000000000
0000000000000
0000000000000
1C732BFEF4F4D
12841D923128A
1A5BCA6EB6F0F
0000000000000
0000000000000
0000000000000
0000000000000
0000000000000
0000000000000
104A22FA4AAA3
10DC04A4DF538
0000000000000
0000000000000
11801A91531AC
0000000000000
0000000000000
0000000000000
105009D09F0F8
0000000000000
0000000000000
0000000000000
116C09DD77DD0
0000000000000
103D04E0590B2
1040053C6CCC5
0000000000000
0000000000000
0000000000000
0000000000000
0000000000000
0000000000000
0000000000000
0000000000000
104E0F34804D9
0000000000000
0000000000000
10CF05F930989
0000000000000
118237048D4E6
0000000000000
0000000000000
0000000000000
0000000000000
0000000000000
14C71DF86C8C5
15DF0D666F6C8
0000000000000
1CA2049F06F5F
0000000000000
0000000000000
0000000000000
0000000000000
0000000000000
0000000000000
10F80BA0BC115
135818BDDAE33
0000000000000
0000000000000
0000000000000
0000000000000
0000000000000
10401997E8841
198799E9C7A20
107C067A8FAE8
0000000000000
0000000000000
0000000000000
0000000000000
13580E88558AE
0000000000000
0000000000000
0000000000000
10334474A14FA
0000000000000
0000000000000
10FB17CABDB16
0000000000000
0000000000000
0000000000000
0000000000000
0000000000000
0000000000000
0000000000000
0000000000000
105F03F63A693
0000000000000
0000000000000
0000000000000
0000000000000
18D5280E8EEE7
1102164939992
0000000000000
15D703F5AF608
0000000000000
0000000000000
0000000000000
0000000000000
0000000000000
15C202C9909E9
0000000000000
0000000000000
10E00614624BB
0000000000000
0000000000000
0000000000000
0000000000000
0000000000000
1043044C82CDB
0000000000000
1040249C72CCB
0000000000000
0000000000000
1033B6FC37C90
158618BB39B92
0000000000000
0000000000000
0000000000000
0000000000000
0000000000000
0000000000000
0000000000000
106F83A817870
0000000000000
0000000000000
0000000000000
0000000000000
0000000000000
0000000000000
0000000000000
0000000000000
16EF70170C765
0000000000000
0000000000000
0000000000000
104D09FCA8D01
0000000000000
0000000000000
0000000000000
0000000000000
11A2AE5ADDB36
0000000000000
0000000000000
0000000000000
170604DB50BA9
0000000000000
0000000000000
0000000000000
12FC053B04B5D
101801889A8F3
12DD70C96F9C8
185A34BE8BEE4
0000000000000
0000000000000
0000000000000
0000000000000
0000000000000
0000000000000
0000000000000
0000000000000
0000000000000
0000000000000
120C07183F898
0000000000000
105D0A234139A
0000000000000
107A05B6C571E
0000000000000
0000000000000
0000000000000
115369664F6A8
0000000000000
0000000000000
0000000000000
0000000000000
0000000000000
0000000000000
0000000000000
1CEC061F16F6F
0000000000000
104022F5C7620
0000000000000
0000000000000
0000000000000
0000000000000
0000000000000
0000000000000
0000000000000
0000000000000
0000000000000
0000000000000
102C0664504A9
10438297F384C
0000000000000
10290344F8551
0000000000000
1ACE071BAAC03
0000000000000
0000000000000
0000000000000
0000000000000
10B904D4DC535
0000000000000
0000000000000
0000000000000
0000000000000
106648F8F9952
0000000000000
0000000000000
104703B0620BB
0000000000000
0000000000000
0000000000000
0000000000000
0000000000000
0000000000000
0000000000000
0000000000000
0000000000000
0000000000000
0000000000000
123505D229282
13F403C3EF448
0000000000000
0000000000000
0000000000000
0000000000000
0000000000000
0000000000000
0000000000000
0000000000000
0000000000000
0000000000000
0000000000000
0000000000000
0000000000000
0000000000000
0000000000000
128B0A230A363
103B2C18C591E
143A071DF6E4F
0000000000000
17AB0867B180A
102708A8AC905
117E0715505A9
0000000000000
0000000000000
0000000000000
0000000000000
10173139D2A2B
0000000000000
12BB09D27F2D8
10400467E683F
102B04DC05C5E
0000000000000
0000000000000
0000000000000
0000000000000
0000000000000
0000000000000
0000000000000
0000000000000
0000000000000
0000000000000
0000000000000
0000000000000
0000000000000
0000000000000
0000000000000
110B0730B410D
0000000000000
0000000000000
102A8A19FAA53
0000000000000
0000000000000
0000000000000
0000000000000
0000000000000
0000000000000
10B3071D31D8A
0000000000000
0000000000000
0000000000000
10D905F4B450D
0000000000000
0000000000000
0000000000000
0000000000000
155C0678728CB
0000000000000
0000000000000
101901746D4C6
10290276886E1
0000000000000
0000000000000
0000000000000
0000000000000
0000000000000
0000000000000
0000000000000
0000000000000
0000000000000
15A310AE2FE88
0000000000000
0000000000000
0000000000000
0000000000000
0000000000000
1538077B34B8D
0000000000000
0000000000000
0000000000000
0000000000000
1033237C35C8E
104C1D9CA3CFC
0000000000000
0000000000000
106204A2792D2
103D07569E6F7
0000000000000
0000000000000
0000000000000
0000000000000
0000000000000
0000000000000
0000000000000
0000000000000
0000000000000
14864056686C1
0000000000000
0000000000000
0000000000000
0000000000000
0000000000000
0000000000000
0000000000000
0000000000000
0000000000000
129F2B29699C2
0000000000000
0000000000000
0000000000000
0000000000000
0000000000000
110805BD54DAD
0000000000000
103C0697D9832
0000000000000
0000000000000
0000000000000
104E0772A22FB
0000000000000
0000000000000
0000000000000
0000000000000
0000000000000
16545EBB45B9E
0000000000000
0000000000000
10C4276D3BD94
0000000000000
123A06E5555AE
0000000000000
0000000000000
0000000000000
0000000000000
0000000000000
0000000000000
0000000000000
0000000000000
0000000000000
0000000000000
0000000000000
0000000000000
0000000000000
0000000000000
0000000000000
0000000000000
0000000000000
0000000000000
0000000000000
0000000000000
0000000000000
0000000000000
0000000000000
0000000000000
103304E04109A
102203F3683C1
103204F4FB554
104305E629682
106C071CF6D4F
167003EE3FE98
0000000000000
0000000000000
0000000000000
10240728A58FE
0000000000000
0000000000000
0000000000000
0000000000000
0000000000000
0000000000000
0000000000000
10B906792B984
10B103E2632BC
0000000000000
0000000000000
0000000000000
104C05F20E267
0000000000000
1A59ACCB9ABF3
0000000000000
0000000000000
0000000000000
0000000000000
0000000000000
0000000000000
102C0605BC615
0000000000000
0000000000000
0000000000000
0000000000000
0000000000000
0000000000000
0000000000000
0000000000000
0000000000000
0000000000000
0000000000000
0000000000000
0000000000000
0000000000000
0000000000000
0000000000000
0000000000000
0000000000000
0000000000000
0000000000000
0000000000000
0000000000000
0000000000000
0000000000000
0000000000000
0000000000000
152F0D84F254B
0000000000000
0000000000000
1A8EAC4BA4BFD
0000000000000
0000000000000
102F0B2C1BC74
0000000000000
10B8067D37D90
0000000000000
0000000000000
0000000000000
0000000000000
0000000000000
0000000000000
102E0780570B0
103E068C5FCB8
0000000000000
0000000000000
1A6797DB9DBF6
1BC00DAEDCF35
166F313E3EE97
0000000000000
0000000000000
0000000000000
105A95AA6AAC3
0000000000000
0000000000000
0000000000000
109B03F5475A0
0000000000000
0000000000000
0000000000000
105F1372502A9
11A740F40C465
0000000000000
0000000000000
0000000000000
17B50E89AFA08
0000000000000
0000000000000
0000000000000
102A96BC02C5B
0000000000000
0000000000000
0000000000000
18038669B1A0A
0000000000000
0000000000000
10420DA2DC335
0000000000000
0000000000000
0000000000000
0000000000000
0000000000000
109006E0540AD
131406AB07B60
1A5122FB98BF1
0000000000000
0000000000000
0000000000000
109921D1C521E
10223068A18FA
0000000000000
17DA04DE76ECF
104F14728A2E3
105D3E45DD636
0000000000000
0000000000000
104A066A48AA1
0000000000000
0000000000000
0000000000000
0000000000000
108F04E317370
0000000000000
0000000000000
0000000000000
0000000000000
121B04D7787D1
0000000000000
0000000000000
0000000000000
0000000000000
104116A7ED846
105403FCC2D1B
0000000000000
0000000000000
0000000000000
0000000000000
0000000000000
0000000000000
104A0590560AF
104805B7FA853
102C199C09C62
0000000000000
13893DE85A8B3
0000000000000
0000000000000
0000000000000
0000000000000
12D303F3B540E
0000000000000
0000000000000
0000000000000
0000000000000
105E03F40545E
103D08F3F9452
0000000000000
12A81FC2F634F
0000000000000
0000000000000
0000000000000
0000000000000
10210C808C0E5
167704D708761
109A873A96AEF
0000000000000
1A9C071EC0F19
0000000000000
0000000000000
1BCB30BEDFF38
0000000000000
0000000000000
0000000000000
0000000000000
0000000000000
0000000000000
0000000000000
12D62FE2B8311
11742DC3483A1
0000000000000
0000000000000
0000000000000
0000000000000
0000000000000
0000000000000
0000000000000
0000000000000
0000000000000
0000000000000
0000000000000
0000000000000
0000000000000
0000000000000
12640DC39B3F4
0000000000000
0000000000000
0000000000000
121B067AE8B41
1699634E47EA0
0000000000000
101501A9CEA27
0000000000000
0000000000000
0000000000000
0000000000000
1031015C22C7B
0000000000000
0000000000000
0000000000000
0000000000000
0000000000000
0000000000000
0000000000000
123305F7797D2
0000000000000
0000000000000
0000000000000
0000000000000
0000000000000
0000000000000
1182061AD6B2F
0000000000000
0000000000000
0000000000000
0000000000000
0000000000000
0000000000000
0000000000000
0000000000000
0000000000000
0000000000000
0000000000000
0000000000000
0000000000000
0000000000000
0000000000000
0000000000000
102902D2DB334
0000000000000
100800E2A9302
10261D14C7520
0000000000000
0000000000000
0000000000000
0000000000000
0000000000000
0000000000000
0000000000000
0000000000000
10631134874E0
11FE03F5FA653
0000000000000
0000000000000
132A09EDCEE27
0000000000000
0000000000000
0000000000000
0000000000000
0000000000000
10BB0E11FA253
11DA07183A893
107104DA83ADC
0000000000000
0000000000000
0000000000000
0000000000000
0000000000000
147D03FE0AE63
102103271B774
0000000000000
0000000000000
103503303C095
10260710750CE
123B30CDA3DFC
0000000000000
103C09610D166
103051AC21C7A
0000000000000
0000000000000
0000000000000
0000000000000
0000000000000
0000000000000
0000000000000
0000000000000
0000000000000
0000000000000
0000000000000
0000000000000
0000000000000
0000000000000
0000000000000
0000000000000
11BE1A24674C0
104205E8D492D
10440FA7F484D
104E183CB0D09
104806840145A
0000000000000
0000000000000
0000000000000
10E288693598E
0000000000000
0000000000000
0000000000000
102302BBE0C39
0000000000000
0000000000000
14860FDB25B7E
0000000000000
0000000000000
0000000000000
104D0720BE117
14A30136F574E
0000000000000
0000000000000
0000000000000
0000000000000
117A03F76F7C8
0000000000000
0000000000000
182C31488E8E7
0000000000000
0000000000000
0000000000000
162105D8778D0
0000000000000
0000000000000
0000000000000
0000000000000
0000000000000
0000000000000
0000000000000
0000000000000
0000000000000
12F50B3DCBE24
0000000000000
0000000000000
0000000000000
0000000000000
0000000000000
0000000000000
104603B06B0C4
1B35AFBECFF28
0000000000000
0000000000000
0000000000000
0000000000000
10210E29D5A2E
0000000000000
0000000000000
0000000000000
10442E33FE457
0000000000000
0000000000000
10282529F7A50
1129893D63DBC
0000000000000
0000000000000
0000000000000
0000000000000
0000000000000
0000000000000
0000000000000
0000000000000
0000000000000
0000000000000
0000000000000
0000000000000
0000000000000
102F0369FFA58
0000000000000
0000000000000
0000000000000
0000000000000
10270497C581E
109B4045485A1
0000000000000
0000000000000
0000000000000
0000000000000
0000000000000
0000000000000
0000000000000
0000000000000
0000000000000
0000000000000
0000000000000
0000000000000
0000000000000
0000000000000
0000000000000
0000000000000
10140146786D1
102C02CC07C60
0000000000000
0000000000000
100E00A4C451D
10160125735CC
0000000000000
0000000000000
0000000000000
0000000000000
0000000000000
0000000000000
0000000000000
0000000000000
0000000000000
0000000000000
0000000000000
11D0071D92DEB
0000000000000
0000000000000
1092086D1AD73
103E05B18D1E6
0000000000000
0000000000000
199B143EA2EFB
0000000000000
0000000000000
0000000000000
0000000000000
0000000000000
0000000000000
0000000000000
0000000000000
0000000000000
0000000000000
0000000000000
0000000000000
0000000000000
1217071840899
0000000000000
0000000000000
0000000000000
0000000000000
10C503E6D0729
0000000000000
0000000000000
1029047BFCC55
0000000000000
0000000000000
0000000000000
0000000000000
0000000000000
0000000000000
0000000000000
0000000000000
0000000000000
0000000000000
0000000000000
0000000000000
0000000000000
0000000000000
0000000000000
108505B90F968
1778B66E5FEB8
0000000000000
0000000000000
0000000000000
0000000000000
0000000000000
0000000000000
0000000000000
0000000000000
0000000000000
104A07308D0E6
0000000000000
0000000000000
0000000000000
0000000000000
0000000000000
0000000000000
0000000000000
0000000000000
10CE0FC0BB114
0000000000000
0000000000000
0000000000000
0000000000000
0000000000000
0000000000000
106308A42F488
10DC0E6AB5B0E
0000000000000
12B706B40F468
102104C67D6D6
11EE2E37767CF
0000000000000
0000000000000
0000000000000
0000000000000
10C20F11751CE
0000000000000
0000000000000
0000000000000
0000000000000
0000000000000
1040059C6DCC6
106704D03E097
12DF5E6DC9E22
0000000000000
0000000000000
132304DB09B62
0000000000000
10B10C15EC645
0000000000000
0000000000000
0000000000000
10254918AA903
103C13911F178
123C33995A9B3
104E0FAA5FAB8
0000000000000
104206B1591B2
0000000000000
0000000000000
103308F72D786
179D1A18888E1
0000000000000
0000000000000
10100101A9202
0000000000000
105A0B82622BB
0000000000000
0000000000000
0000000000000
1013015339392
0000000000000
0000000000000
0000000000000
0000000000000
0000000000000
0000000000000
0000000000000
0000000000000
0000000000000
0000000000000
0000000000000
0000000000000
0000000000000
1C8BCDFEFCF55
0000000000000
0000000000000
0000000000000
0000000000000
11CB0A2D8FDE8
0000000000000
0000000000000
0000000000000
105105C42D486
10C407A408461
103B0C56986F1
0000000000000
0000000000000
0000000000000
0000000000000
0000000000000
0000000000000
0000000000000
0000000000000
0000000000000
0000000000000
0000000000000
0000000000000
146382FB1DB76
0000000000000
0000000000000
104003F42447D
0000000000000
0000000000000
105C04E200259
0000000000000
10B1045D2ED87
0000000000000
0000000000000
0000000000000
108703F7597B2
0000000000000
0000000000000
17C604DE75ECE
0000000000000
0000000000000
0000000000000
0000000000000
0000000000000
0000000000000
0000000000000
0000000000000
0000000000000
106B05E900959
17B75F1E72ECB
0000000000000
0000000000000
0000000000000
167461E707760
0000000000000
104004C109162
104F0631A31FC
0000000000000
0000000000000
0000000000000
0000000000000
0000000000000
105F23C238291
0000000000000
0000000000000
0000000000000
103C03B20325C
104A5ED7FF858
0000000000000
105D0675DC635
0000000000000
0000000000000
0000000000000
0000000000000
0000000000000
0000000000000
0000000000000
0000000000000
0000000000000
116484094699F
0000000000000
0000000000000
11C60B1330389
0000000000000
0000000000000
10336D98BE917
0000000000000
0000000000000
0000000000000
0000000000000
0000000000000
0000000000000
0000000000000
0000000000000
0000000000000
117904D54F5A8
0000000000000
133806E4694C2
10295CE6896E2
104C0B411116A
0000000000000
0000000000000
0000000000000
0000000000000
0000000000000
123A12484289B
0000000000000
0000000000000
0000000000000
0000000000000
0000000000000
0000000000000
10480BD3C141A
0000000000000
0000000000000
10502582EE347
0000000000000
0000000000000
0000000000000
0000000000000
0000000000000
103323D1EF248
15D66F8E34E8D
0000000000000
0000000000000
0000000000000
0000000000000
104D3598E393C
0000000000000
0000000000000
0000000000000
0000000000000
0000000000000
0000000000000
0000000000000
0000000000000
0000000000000
162005EB3FB98
0000000000000
0000000000000
0000000000000
0000000000000
0000000000000
1022046BD6C2F
0000000000000
0000000000000
0000000000000
0000000000000
0000000000000
0000000000000
0000000000000
0000000000000
0000000000000
1047069C8CCE5
0000000000000
0000000000000
0000000000000
0000000000000
0000000000000
10330476946ED
0000000000000
0000000000000
0000000000000
1338700B0AB63
10A404D75B7B4
0000000000000
0000000000000
0000000000000
0000000000000
117906783488D
0000000000000
0000000000000
0000000000000
0000000000000
0000000000000
0000000000000
105E84BCD7D30
106922F6C0719
0000000000000
0000000000000
0000000000000
0000000000000
0000000000000
0000000000000
0000000000000
0000000000000
103F04020525E
0000000000000
12F631731C375
0000000000000
0000000000000
0000000000000
0000000000000
0000000000000
10F50122D332C
0000000000000
0000000000000
0000000000000
0000000000000
11A303F2702C9
0000000000000
13FE24085E8B7
0000000000000
0000000000000
10FB04AABCB15
0000000000000
105104221626F
104D87E8E493D
1C6E05DEF3F4C
0000000000000
0000000000000
0000000000000
17B420D9AEA07
0000000000000
0000000000000
0000000000000
0000000000000
0000000000000
106005F11216B
0000000000000
0000000000000
0000000000000
117F87CAD5B2E
0000000000000
1A4D048B97BF0
104A91CA4DAA6
0000000000000
10A44DC6CE727
0000000000000
102563F9EBA44
10B609DD36D8F
0000000000000
0000000000000
0000000000000
0000000000000
13B46346F274B
0000000000000
0000000000000
0000000000000
0000000000000
10260D30AD106
0000000000000
11821D5D7FDD8
152B1436FB754
10C807150F568
0000000000000
10CF0D4510569
0000000000000
0000000000000
0000000000000
0000000000000
0000000000000
0000000000000
0000000000000
0000000000000
0000000000000
0000000000000
0000000000000
0000000000000
0000000000000
0000000000000
0000000000000
0000000000000
103D061A1CA75
0000000000000
0000000000000
0000000000000
0000000000000
0000000000000
0000000000000
0000000000000
0000000000000
11626376516AA
104A04C0990F2
0000000000000
0000000000000
0000000000000
0000000000000
0000000000000
0000000000000
0000000000000
0000000000000
0000000000000
0000000000000
0000000000000
0000000000000
0000000000000
0000000000000
0000000000000
0000000000000
103B03C1471A0
0000000000000
104904000C065
0000000000000
0000000000000
0000000000000
0000000000000
0000000000000
13552DADD6E2F
0000000000000
1022053BD7C30
0000000000000
0000000000000
0000000000000
104A03F32537E
0000000000000
0000000000000
0000000000000
0000000000000
108548FD12D6B
0000000000000
10190F5BCAC23
0000000000000
0000000000000
0000000000000
0000000000000
0000000000000
0000000000000
1113370AC4B1D
1827233E7DED6
0000000000000
0000000000000
1A430C4B92BEB
0000000000000
0000000000000
107F085039092
0000000000000
0000000000000
13C946446A4C3
0000000000000
12C8067AFEB57
123A05A59A5F3
0000000000000
0000000000000
0000000000000
0000000000000
0000000000000
0000000000000
0000000000000
104704F4CF528
0000000000000
0000000000000
0000000000000
106B0E734339C
0000000000000
0000000000000
12D440B55A5B3
116405B76E7C7
102E05EC15C6E
0000000000000
15A508698F9E8
0000000000000
0000000000000
13AE0B885B8B4
0000000000000
15A465CE30E89
10DC15593298B
101201BBC2C1B
0000000000000
0000000000000
0000000000000
107306DA84ADD
0000000000000
0000000000000
0000000000000
0000000000000
0000000000000
0000000000000
0000000000000
11071814644BD
12D207484D8A6
0000000000000
0000000000000
0000000000000
0000000000000
0000000000000
10FB226D50DA9
0000000000000
0000000000000
0000000000000
10E01A123C295
0000000000000
0000000000000
0000000000000
12C804D96B9C4
0000000000000
0000000000000
0000000000000
0000000000000
0000000000000
0000000000000
0000000000000
0000000000000
0000000000000
0000000000000
0000000000000
0000000000000
0000000000000
165910A79E7F7
15750717927EB
102C59FC0CC65
17B4227E71ECA
18693DE8918EA
0000000000000
0000000000000
0000000000000
135604DB0CB65
10320DEC27C80
10B205ED30D89
0000000000000
0000000000000
14CC1FC86D8C6
0000000000000
0000000000000
0000000000000
103C0482BA313
0000000000000
0000000000000
10875E0A93AEC
0000000000000
14557BCB1BB74
0000000000000
0000000000000
0000000000000
0000000000000
105304D8EA943
118A0C56556AE
0000000000000
0000000000000
0000000000000
0000000000000
0000000000000
0000000000000
0000000000000
123A04D9599B2
14590714494A2
119304AAD9B32
0000000000000
0000000000000
0000000000000
0000000000000
1C87349EFAF53
0000000000000
0000000000000
0000000000000
0000000000000
0000000000000
0000000000000
0000000000000
0000000000000
0000000000000
0000000000000
0000000000000
0000000000000
0000000000000
0000000000000
0000000000000
0000000000000
0000000000000
0000000000000
0000000000000
1022060617670
1D34067F22F7B
0000000000000
0000000000000
14F803EE20E79
0000000000000
0000000000000
0000000000000
0000000000000
0000000000000
0000000000000
0000000000000
0000000000000
0000000000000
0000000000000
0000000000000
0000000000000
0000000000000
0000000000000
0000000000000
0000000000000
0000000000000
0000000000000
0000000000000
0000000000000
0000000000000
0000000000000
0000000000000
0000000000000
0000000000000
161F03FE36E8F
0000000000000
0000000000000
1043050037090
0000000000000
0000000000000
105D05B1A51FE
0000000000000
0000000000000
0000000000000
0000000000000
1032049138191
111211E0C611F
107D08690E967
1A6206EEB7F10
106003F15C1B5
0000000000000
10669E7A7BAD4
0000000000000
0000000000000
0000000000000
0000000000000
0000000000000
0000000000000
0000000000000
0000000000000
0000000000000
0000000000000
0000000000000
1A5FA12B9BBF4
0000000000000
0000000000000
0000000000000
0000000000000
0000000000000
0000000000000
0000000000000
103D0880D612F
0000000000000
0000000000000
0000000000000
0000000000000
0000000000000
110703CD53DAC
0000000000000
0000000000000
0000000000000
101000F71176A
0000000000000
0000000000000
0000000000000
0000000000000
0000000000000
0000000000000
0000000000000
0000000000000
0000000000000
0000000000000
0000000000000
0000000000000
0000000000000
0000000000000
0000000000000
0000000000000
0000000000000
0000000000000
0000000000000
0000000000000
0000000000000
0000000000000
1BEE348BBBC14
0000000000000
0000000000000
126AA93AEFB48
0000000000000
0000000000000
0000000000000
0000000000000
0000000000000
10470D810215B
128B05BAF3B4C
0000000000000
0000000000000
0000000000000
0000000000000
0000000000000
0000000000000
0000000000000
0000000000000
0000000000000
0000000000000
0000000000000
12D104D2902E9
0000000000000
0000000000000
107A1F5A8CAE5
107A71A6C8721
0000000000000
0000000000000
0000000000000
0000000000000
0000000000000
0000000000000
0000000000000
0000000000000
0000000000000
0000000000000
0000000000000
0000000000000
1069BB4CF3D4C
104E38040345C
0000000000000
0000000000000
0000000000000
12020102A7300
0000000000000
0000000000000
0000000000000
0000000000000
14464413F344C
0000000000000
10425EB7F0849
104E0E78E593E
0000000000000
0000000000000
0000000000000
0000000000000
0000000000000
0000000000000
0000000000000
11830413493A2
0000000000000
0000000000000
0000000000000
0000000000000
0000000000000
0000000000000
0000000000000
0000000000000
105C0672F0349
10B33C83C641F
10530686B9712
115D0531901E9
0000000000000
0000000000000
0000000000000
0000000000000
0000000000000
0000000000000
0000000000000
0000000000000
0000000000000
0000000000000
0000000000000
0000000000000
0000000000000
0000000000000
0000000000000
123B0452D632F
102408B419472
158D04D7947ED
0000000000000
109B73975A7B3
0000000000000
10422265CC625
0000000000000
11B803E94E9A7
0000000000000
0000000000000
0000000000000
0000000000000
0000000000000
0000000000000
0000000000000
0000000000000
0000000000000
0000000000000
104D0CC0A50FE
0000000000000
0000000000000
0000000000000
0000000000000
0000000000000
128A04DDB6E0F
0000000000000
10340BDC3DC96
0000000000000
11A012B208261
0000000000000
0000000000000
0000000000000
0000000000000
0000000000000
0000000000000
0000000000000
0000000000000
0000000000000
0000000000000
104908F1DE237
0000000000000
0000000000000
0000000000000
10A404ED23D7C
104039B7EC845
0000000000000
103332E53458D
0000000000000
0000000000000
0000000000000
0000000000000
0000000000000
0000000000000
0000000000000
0000000000000
0000000000000
142A04D55D5B6
0000000000000
0000000000000
0000000000000
0000000000000
0000000000000
0000000000000
12F404A34D3A6
103B2D44744CD
101401B5715CA
17277A89A8A01
10DECD1D46D9F
128D03E4E8541
1E15024F34F8D
0000000000000
0000000000000
0000000000000
0000000000000
0000000000000
0000000000000
0000000000000
0000000000000
0000000000000
0000000000000
0000000000000
0000000000000
0000000000000
12CB059519572
12C05925595B2
0000000000000
0000000000000
0000000000000
0000000000000
0000000000000
0000000000000
0000000000000
0000000000000
10771CB6C471D
0000000000000
0000000000000
0000000000000
0000000000000
0000000000000
0000000000000
103B048000059
0000000000000
0000000000000
0000000000000
106903E04609F
0000000000000
0000000000000
0000000000000
0000000000000
0000000000000
0000000000000
10B103F4DA533
0000000000000
0000000000000
1E8C04DF3CF95
0000000000000
14751164ED546
0000000000000
0000000000000
0000000000000
0000000000000
0000000000000
0000000000000
111D06764D6A6
10B50DE1D8231
102712C44F4A8
0000000000000
0000000000000
0000000000000
0000000000000
0000000000000
0000000000000
0000000000000
0000000000000
0000000000000
0000000000000
0000000000000
105305BCBFD18
0000000000000
0000000000000
0000000000000
139F05337D3D6
0000000000000
0000000000000
0000000000000
0000000000000
11000610A8101
0000000000000
0000000000000
0000000000000
0000000000000
0000000000000
0000000000000
0000000000000
10300B97D182A
0000000000000
0000000000000
0000000000000
0000000000000
0000000000000
102304C9E0A39
0000000000000
0000000000000
0000000000000
0000000000000
0000000000000
14722E778C7E5
0000000000000
0000000000000
15A51CD8758CE
0000000000000
0000000000000
0000000000000
0000000000000
112B1161B7210
0000000000000
0000000000000
1699D49E49EA2
0000000000000
0000000000000
0000000000000
10E807C6D372C
0000000000000
0000000000000
0000000000000
104D155A55AAE
14AE067E10E69
0000000000000
102D46653158A
16E00FC9A19FA
0000000000000
0000000000000
1018017718771
104406B740799
0000000000000
0000000000000
0000000000000
0000000000000
0000000000000
0000000000000
0000000000000
111335B32D386
0000000000000
0000000000000
0000000000000
0000000000000
0000000000000
0000000000000
0000000000000
0000000000000
0000000000000
0000000000000
0000000000000
10430771781D1
104114423628F
18A81CD9B9A12
17B1067B5BBB4
1C49C4CEE9F42
0000000000000
0000000000000
0000000000000
0000000000000
0000000000000
0000000000000
0000000000000
103C03C50155A
0000000000000
0000000000000
0000000000000
105323774C7A5
100A00E7B480D
0000000000000
0000000000000
0000000000000
0000000000000
0000000000000
0000000000000
0000000000000
101344EBC3C1C
0000000000000
0000000000000
1A2E1FEB8DBE6
1C8A1DAEFBF54
0000000000000
0000000000000
0000000000000
0000000000000
10470B16AE707
0000000000000
0000000000000
0000000000000
0000000000000
0000000000000
0000000000000
0000000000000
0000000000000
0000000000000
0000000000000
0000000000000
10743B658D5E6
104D33ECADD06
0000000000000
104A05FC99CF2
0000000000000
0000000000000
0000000000000
0000000000000
0000000000000
0000000000000
0000000000000
0000000000000
0000000000000
0000000000000
0000000000000
0000000000000
0000000000000
0000000000000
0000000000000
0000000000000
0000000000000
0000000000000
0000000000000
0000000000000
10510CB0780D1
104405E1B120A
106B071239292
0000000000000
104305D0720CB
103422A57B5D4
13FF02197F9D8
0000000000000
0000000000000
0000000000000
0000000000000
0000000000000
0000000000000
0000000000000
0000000000000
0000000000000
0000000000000
0000000000000
101001C71276B
103202FC24C7D
0000000000000
13AD3B23673C0
10C1D5ED3AD93
0000000000000
0000000000000
0000000000000
17802149AAA03
104C109507560
0000000000000
0000000000000
0000000000000
16AD4047A37FC
0000000000000
0000000000000
0000000000000
0000000000000
0000000000000
0000000000000
0000000000000
1023032BE1C3A
0000000000000
0000000000000
133461060565E
103C04921126A
103D1DBA20A79
0000000000000
0000000000000
0000000000000
0000000000000
0000000000000
0000000000000
0000000000000
0000000000000
150E07152657F
0000000000000
0000000000000
13AF07D41346C
0000000000000
116F05B3E8441
0000000000000
0000000000000
0000000000000
0000000000000
0000000000000
102903372577E
0000000000000
0000000000000
0000000000000
0000000000000
0000000000000
0000000000000
14C353260A663
0000000000000
0000000000000
0000000000000
0000000000000
0000000000000
104A29D74379C
0000000000000
0000000000000
0000000000000
0000000000000
101601ABC4C1D
0000000000000
0000000000000
0000000000000
0000000000000
0000000000000
0000000000000
0000000000000
0000000000000
104804D0A40FD
0000000000000
0000000000000
0000000000000
0000000000000
104D07747D4D6
0000000000000
0000000000000
103C091C56CAF
0000000000000
0000000000000
0000000000000
0000000000000
0000000000000
17A18D29ADA06
0000000000000
10331862EB344
101201471476D
0000000000000
0000000000000
12AD2742582B1
0000000000000
0000000000000
0000000000000
0000000000000
0000000000000
0000000000000
0000000000000
104D64CA5AAB3
11BF3DED8CDE5
0000000000000
0000000000000
103B39E3F8451
0000000000000
0000000000000
105A0622CE327
0000000000000
0000000000000
0000000000000
0000000000000
0000000000000
0000000000000
0000000000000
0000000000000
13B032144649F
105A0F831336C
0000000000000
10402C47EB844
11530461631BC
0000000000000
0000000000000
0000000000000
0000000000000
0000000000000
0000000000000
0000000000000
0000000000000
0000000000000
0000000000000
0000000000000
0000000000000
0000000000000
0000000000000
10960420960EF
1074060907960
0000000000000
10238249E3A3C
0000000000000
111305AAC2B1B
0000000000000
18F63BDB76BCF
0000000000000
102E0234724CB
19CF071B89BE2
0000000000000
0000000000000
0000000000000
0000000000000
0000000000000
0000000000000
0000000000000
14570716F474D
0000000000000
0000000000000
0000000000000
103E074C61CBA
0000000000000
12D305F59E5F7
0000000000000
0000000000000
0000000000000
0000000000000
0000000000000
0000000000000
0000000000000
0000000000000
0000000000000
0000000000000
0000000000000
103F04724629F
102702E9F3A4C
183504DE83EDC
11A03EB5985F1
0000000000000
102D0602EA343
0000000000000
0000000000000
0000000000000
0000000000000
0000000000000
13C70D47827DB
0000000000000
0000000000000
0000000000000
0000000000000
0000000000000
0000000000000
0000000000000
0000000000000
0000000000000
104D1B03E0439
0000000000000
0000000000000
0000000000000
1654275E3BE94
0000000000000
17340B770F768
171904DE58EB1
0000000000000
0000000000000
0000000000000
0000000000000
10281613A7400
0000000000000
0000000000000
0000000000000
0000000000000
0000000000000
0000000000000
108B1CB63F698
0000000000000
0000000000000
0000000000000
109B05FD20D79
0000000000000
0000000000000
0000000000000
1051259CBCD15
0000000000000
0000000000000
11290523CB424
0000000000000
10D696BD41D9A
0000000000000
0000000000000
0000000000000
0000000000000
0000000000000
0000000000000
10400B4C71CCA
0000000000000
0000000000000
0000000000000
0000000000000
0000000000000
193B2A1B80BD9
0000000000000
0000000000000
0000000000000
102227CBDCC35
103405BA0FA68
13220A23B640F
0000000000000
0000000000000
0000000000000
0000000000000
0000000000000
0000000000000
0000000000000
108F0674D9532
0000000000000
0000000000000
0000000000000
0000000000000
0000000000000
0000000000000
0000000000000
0000000000000
0000000000000
0000000000000
0000000000000
0000000000000
0000000000000
0000000000000
0000000000000
0000000000000
0000000000000
10B90C307C0D5
0000000000000
0000000000000
0000000000000
16A105F99E9F7
10480673AC405
0000000000000
10E643764A6A3
14F807AE21E7A
104C03F00A063
0000000000000
0000000000000
0000000000000
0000000000000
0000000000000
0000000000000
0000000000000
0000000000000
0000000000000
0000000000000
0000000000000
0000000000000
0000000000000
0000000000000
0000000000000
0000000000000
0000000000000
0000000000000
0000000000000
107405390695F
102605E3693C2
0000000000000
0000000000000
0000000000000
0000000000000
0000000000000
102E030C14C6D
104604901D076
11071270DA133
0000000000000
0000000000000
103E04D1BD216
0000000000000
0000000000000
0000000000000
0000000000000
0000000000000
0000000000000
0000000000000
136D27633438D
11E41281CC225
112904525D2B6
0000000000000
0000000000000
0000000000000
0000000000000
0000000000000
1062501CDFD38
0000000000000
0000000000000
0000000000000
0000000000000
104119942647F
0000000000000
0000000000000
0000000000000
17FA5E67B380C
107B067D0CD65
0000000000000
0000000000000
0000000000000
0000000000000
0000000000000
1021052BD3C2C
0000000000000
0000000000000
0000000000000
0000000000000
0000000000000
0000000000000
0000000000000
0000000000000
179227EB5ABB3
0000000000000
0000000000000
0000000000000
0000000000000
10954F45E8641
1041053C78CD1
0000000000000
0000000000000
0000000000000
0000000000000
101501261466D
0000000000000
0000000000000
104C7D68E0939
147C0D7E08E61
0000000000000
0000000000000
174579B7AE807
0000000000000
0000000000000
104337232337C
13553D7DD7E30
0000000000000
1077793D06D5F
1B04280ECCF25
0000000000000
0000000000000
0000000000000
0000000000000
0000000000000
0000000000000
0000000000000
0000000000000
0000000000000
104245D8D592E
0000000000000
0000000000000
0000000000000
0000000000000
0000000000000
104830D3C241B
0000000000000
0000000000000
0000000000000
14C92A09889E1
0000000000000
0000000000000
0000000000000
0000000000000
0000000000000
116D86283388C
0000000000000
0000000000000
0000000000000
0000000000000
0000000000000
0000000000000
0000000000000
0000000000000
0000000000000
0000000000000
0000000000000
0000000000000
0000000000000
104029D7EA843
0000000000000
0000000000000
0000000000000
103407503B094
10E50770900E9
0000000000000
0000000000000
0000000000000
0000000000000
0000000000000
132305B5A05F9
0000000000000
0000000000000
0000000000000
0000000000000
0000000000000
0000000000000
0000000000000
0000000000000
0000000000000
135833A9769CF
0000000000000
0000000000000
0000000000000
0000000000000
0000000000000
0000000000000
0000000000000
0000000000000
12D30E8DC6E1F
0000000000000
0000000000000
104904701406D
0000000000000
0000000000000
0000000000000
0000000000000
0000000000000
0000000000000
0000000000000
0000000000000
10302F7C20C79
0000000000000
0000000000000
0000000000000
0000000000000
0000000000000
0000000000000
0000000000000
0000000000000
0000000000000
0000000000000
0000000000000
0000000000000
0000000000000
0000000000000
0000000000000
0000000000000
0000000000000
0000000000000
0000000000000
105E0450770D0
105108A4844DD
0000000000000
0000000000000
0000000000000
0000000000000
0000000000000
0000000000000
0000000000000
0000000000000
0000000000000
0000000000000
0000000000000
10F03C8AB8B11
0000000000000
0000000000000
0000000000000
0000000000000
0000000000000
10472594D0529
0000000000000
0000000000000
0000000000000
0000000000000
0000000000000
0000000000000
0000000000000
0000000000000
0000000000000
0000000000000
10500492CB324
0000000000000
0000000000000
0000000000000
0000000000000
0000000000000
0000000000000
0000000000000
0000000000000
0000000000000
0000000000000
0000000000000
117A05FD7ADD3
107B04D38C3E5
0000000000000
107F267D10D69
0000000000000
155806298C9E5
0000000000000
0000000000000
0000000000000
0000000000000
1C97338F04F5D
0000000000000
0000000000000
10170F521326C
0000000000000
1121025D60DB9
0000000000000
0000000000000
181A08DE7AED3
103D4B55C461D
0000000000000
0000000000000
0000000000000
0000000000000
0000000000000
0000000000000
0000000000000
18502A0E86EDF
10E664764B6A4
104C5EDA4FAA8
0000000000000
0000000000000
0000000000000
0000000000000
0000000000000
0000000000000
0000000000000
0000000000000
0000000000000
0000000000000
0000000000000
0000000000000
0000000000000
0000000000000
0000000000000
0000000000000
0000000000000
0000000000000
0000000000000
0000000000000
0000000000000
0000000000000
0000000000000
0000000000000
0000000000000
0000000000000
0000000000000
0000000000000
0000000000000
11EB37B6E373C
0000000000000
0000000000000
0000000000000
0000000000000
10230469DFA38
0000000000000
0000000000000
0000000000000
0000000000000
0000000000000
0000000000000
0000000000000
0000000000000
0000000000000
0000000000000
0000000000000
0000000000000
0000000000000
0000000000000
0000000000000
0000000000000
0000000000000
0000000000000
0000000000000
0000000000000
102496EBEAC43
108A0716C9722
0000000000000
105A16718B1E4
0000000000000
0000000000000
0000000000000
12BCD3DDC2E1B
10A43764B150A
0000000000000
10331C7C34C8D
16AD628E4CEA5
1061077810869
1C81D26EF8F51
0000000000000
13DCD15DECE45
103D067C58CB1
0000000000000
0000000000000
0000000000000
0000000000000
0000000000000
0000000000000
0000000000000
0000000000000
0000000000000
0000000000000
110C1B91611BA
0000000000000
16BD3CA87B8D4
0000000000000
0000000000000
0000000000000
103408FC3CC95
0000000000000
0000000000000
0000000000000
0000000000000
0000000000000
0000000000000
0000000000000
0000000000000
0000000000000
0000000000000
0000000000000
104D04A3DF438
104105909B0F4
10F01281D0229
0000000000000
0000000000000
0000000000000
0000000000000
0000000000000
0000000000000
0000000000000
0000000000000
103C0BE1E223B
0000000000000
10FA05E12D186
0000000000000
0000000000000
0000000000000
0000000000000
0000000000000
0000000000000
0000000000000
0000000000000
0000000000000
102406A7C181A
0000000000000
0000000000000
0000000000000
0000000000000
10A50860E0139
0000000000000
0000000000000
0000000000000
10130142812DA
10730B43723CB
109A59358E5E7
1109040D56DAF
0000000000000
0000000000000
0000000000000
0000000000000
0000000000000
0000000000000
0000000000000
0000000000000
10E6D75D4BDA4
0000000000000
0000000000000
0000000000000
0000000000000
0000000000000
0000000000000
10F103B6D472D
1833848B68BC1
13F40DEDEEE47
0000000000000
104704913118A
0000000000000
0000000000000
0000000000000
0000000000000
0000000000000
0000000000000
0000000000000
0000000000000
0000000000000
0000000000000
108404D219272
0000000000000
0000000000000
0000000000000
0000000000000
102511BBEDC46
12CC02331B374
0000000000000
0000000000000
0000000000000
104F07CA62ABB
0000000000000
0000000000000
118A10CD81DDA
0000000000000
0000000000000
118235BD80DD9
0000000000000
0000000000000
0000000000000
136603B37A3D3
1052CEFCBDD16
0000000000000
0000000000000
0000000000000
13555C78548AD
0000000000000
103B04F4FF558
1032946C2BC84
0000000000000
107605111316C
0000000000000
114704ED6CDC5
0000000000000
10A44AF5EA643
0000000000000
0000000000000
0000000000000
0000000000000
0000000000000
0000000000000
0000000000000
0000000000000
0000000000000
0000000000000
0000000000000
124C15B20A263
0000000000000
0000000000000
0000000000000
0000000000000
0000000000000
116D8909479A0
13B5568DE5E3E
12B8D47DBFE18
0000000000000
0000000000000
0000000000000
0000000000000
0000000000000
0000000000000
0000000000000
0000000000000
0000000000000
0000000000000
0000000000000
0000000000000
0000000000000
0000000000000
0000000000000
0000000000000
0000000000000
0000000000000
0000000000000
0000000000000
0000000000000
0000000000000
0000000000000
0000000000000
0000000000000
0000000000000
0000000000000
0000000000000
0000000000000
0000000000000
0000000000000
0000000000000
104D03D2912EA
0000000000000
1C86E14EF9F52
0000000000000
0000000000000
0000000000000
0000000000000
107C05BD0DD66
0000000000000
126F06659D5F6
0000000000000
0000000000000
106105D0950EE
0000000000000
0000000000000
0000000000000
0000000000000
0000000000000
0000000000000
0000000000000
0000000000000
0000000000000
12E10E760365C
0000000000000
0000000000000
0000000000000
0000000000000
0000000000000
0000000000000
0000000000000
0000000000000
0000000000000
11CB05B308361
0000000000000
16EC5DE7A8801
0000000000000
13B406097B9D4
0000000000000
0000000000000
0000000000000
0000000000000
0000000000000
0000000000000
12FC1776ED746
0000000000000
0000000000000
0000000000000
0000000000000
0000000000000
0000000000000
0000000000000
0000000000000
110206651156A
0000000000000
0000000000000
0000000000000
120B0434904E9
0000000000000
0000000000000
0000000000000
102B2E7C06C5F
0000000000000
0000000000000
0000000000000
104F27FA63ABC
0000000000000
147E06CB23B7C
0000000000000
0000000000000
0000000000000
0000000000000
0000000000000
0000000000000
0000000000000
0000000000000
0000000000000
0000000000000
0000000000000
0000000000000
0000000000000
0000000000000
0000000000000
0000000000000
0000000000000
0000000000000
0000000000000
147CDDAE09E62
0000000000000
0000000000000
11582C143C495
0000000000000
10A80F30A7100
113F0535F464D
104736BC8ECE7
0000000000000
0000000000000
0000000000000
0000000000000
0000000000000
10230602532AC
1033067C30C89
0000000000000
0000000000000
0000000000000
0000000000000
0000000000000
109612C0F414D
0000000000000
0000000000000
0000000000000
0000000000000
0000000000000
0000000000000
0000000000000
0000000000000
0000000000000
182810CE7EED7
0000000000000
10D903F11516E
0000000000000
0000000000000
108F0D691496D
0000000000000
0000000000000
0000000000000
0000000000000
0000000000000
0000000000000
0000000000000
0000000000000
105B0494854DE
0000000000000
102F11B2542AD
16AC949E4BEA4
0000000000000
0000000000000
0000000000000
0000000000000
0000000000000
0000000000000
0000000000000
0000000000000
104145FC7ACD3
0000000000000
0000000000000
0000000000000
0000000000000
0000000000000
17BD1D98898E2
0000000000000
0000000000000
107A04D2B330C
0000000000000
0000000000000
0000000000000
0000000000000
0000000000000
0000000000000
0000000000000
0000000000000
0000000000000
0000000000000
0000000000000
0000000000000
0000000000000
0000000000000
0000000000000
0000000000000
1051049327380
0000000000000
0000000000000
106DCE6CF7D50
0000000000000
10180F59D4A2D
103104F6916EA
1CB205FF0AF63
0000000000000
0000000000000
0000000000000
0000000000000
0000000000000
0000000000000
16180DE70475D
0000000000000
0000000000000
0000000000000
0000000000000
0000000000000
0000000000000
0000000000000
0000000000000
0000000000000
0000000000000
0000000000000
11414D34B650F
11555966DB734
10530D0CC0D19
0000000000000
0000000000000
0000000000000
0000000000000
0000000000000
0000000000000
10630483AE407
0000000000000
0000000000000
0000000000000
0000000000000
0000000000000
0000000000000
1BBA0D8BBAC13
0000000000000
0000000000000
102F39AA01A5A
0000000000000
13AE5394EC545
0000000000000
0000000000000
0000000000000
0000000000000
0000000000000
0000000000000
0000000000000
0000000000000
0000000000000
0000000000000
0000000000000
104A6A9C9FCF8
0000000000000
0000000000000
0000000000000
0000000000000
0000000000000
0000000000000
0000000000000
0000000000000
0000000000000
184A047E84EDD
0000000000000
1A2FAA0B8EBE7
10A8947D28D81
16890D8B48BA1
124A0481F324C
0000000000000
0000000000000
0000000000000
0000000000000
1686071E43E9C
129705F39E3F7
0000000000000
0000000000000
0000000000000
0000000000000
0000000000000
13AE2A0DE3E3C
0000000000000
0000000000000
0000000000000
0000000000000
105A2794D452D
10270C4BF5C4E
159A05F66E6C7
0000000000000
10241A341A473
107610E0BD116
0000000000000
0000000000000
0000000000000
0000000000000
0000000000000
0000000000000
0000000000000
103E27EC62CBB
0000000000000
0000000000000
10505E3CB7D10
16ED0899A49FD
0000000000000
1B32954ECEF27
0000000000000
0000000000000
0000000000000
0000000000000
0000000000000
103C0700A00F9
0000000000000
0000000000000
0000000000000
0000000000000
109D0DC81F878
0000000000000
0000000000000
0000000000000
0000000000000
0000000000000
0000000000000
0000000000000
0000000000000
122429EAEAB43
11C416F1701C9
0000000000000
0000000000000
0000000000000
0000000000000
0000000000000
0000000000000
10300721CA223
11FD29F2D532E
12C007331A373
0000000000000
0000000000000
0000000000000
0000000000000
0000000000000
105FA75CD8D31
0000000000000
0000000000000
0000000000000
0000000000000
0000000000000
125706784489D
0000000000000
0000000000000
0000000000000
0000000000000
0000000000000
0000000000000
0000000000000
0000000000000
0000000000000
0000000000000
0000000000000
10B11CDD2FD88
0000000000000
11D304D2992F2
0000000000000
112B40B76B7C4
0000000000000
0000000000000
0000000000000
0000000000000
0000000000000
0000000000000
140009751E577
16D9E71E4FEA8
0000000000000
0000000000000
0000000000000
0000000000000
0000000000000
0000000000000
104C0535D362C
0000000000000
0000000000000
0000000000000
0000000000000
0000000000000
0000000000000
0000000000000
0000000000000
0000000000000
0000000000000
114F0B5ACBB24
107403F58C5E5
0000000000000
0000000000000
0000000000000
0000000000000
105E03EA6EAC7
0000000000000
109095291696F
0000000000000
118304783588E
0000000000000
10403465C9622
1191077D85DDE
145B113B1CB75
0000000000000
0000000000000
0000000000000
0000000000000
0000000000000
0000000000000
0000000000000
0000000000000
103C07D0F0149
102D03F7C9822
0000000000000
0000000000000
0000000000000
0000000000000
0000000000000
0000000000000
0000000000000
0000000000000
0000000000000
0000000000000
16140597987F1
1045048C88CE1
0000000000000
0000000000000
0000000000000
0000000000000
0000000000000
102904D1651BE
0000000000000
0000000000000
0000000000000
102704F2822DB
0000000000000
0000000000000
0000000000000
0000000000000
0000000000000
0000000000000
0000000000000
0000000000000
0000000000000
0000000000000
0000000000000
0000000000000
0000000000000
0000000000000
16D703087D8D6
0000000000000
0000000000000
0000000000000
0000000000000
0000000000000
102402972177A
0000000000000
0000000000000
107A5DA7577B0
0000000000000
10214037BB814
0000000000000
0000000000000
17B3086B5DBB6
0000000000000
0000000000000
0000000000000
0000000000000
0000000000000
0000000000000
0000000000000
0000000000000
0000000000000
103C063C55CAE
0000000000000
0000000000000
14C945BE17E70
0000000000000
0000000000000
11F91DC1AD206
0000000000000
0000000000000
0000000000000
107A873D0AD63
10D698CAB1B0A
1589793E2AE83
0000000000000
0000000000000
0000000000000
0000000000000
0000000000000
0000000000000
0000000000000
10262758AB904
1135D91D65DBE
0000000000000
0000000000000
10265B19F2A4B
0000000000000
0000000000000
0000000000000
12871DC84A8A3
0000000000000
0000000000000
102306D13A193
0000000000000
0000000000000
0000000000000
0000000000000
0000000000000
0000000000000
0000000000000
0000000000000
104904E1F8251
0000000000000
0000000000000
16B71CDE4DEA6
0000000000000
0000000000000
0000000000000
0000000000000
0000000000000
0000000000000
0000000000000
0000000000000
0000000000000
14220868618BA
0000000000000
10DD03B0920EB
1B10047BB1C0A
11290E123D296
0000000000000
0000000000000
0000000000000
104C0601FF258
101501952B584
0000000000000
0000000000000
0000000000000
0000000000000
0000000000000
0000000000000
0000000000000
10485ADA45A9E
0000000000000
0000000000000
11410B9D69DC2
0000000000000
125704D51656F
126703DDADE06
0000000000000
0000000000000
0000000000000
0000000000000
0000000000000
0000000000000
0000000000000
0000000000000
13250C14BF518
10496EDC96CEF
0000000000000
0000000000000
10500D84834DC
0000000000000
0000000000000
0000000000000
115F233AD2B2B
115303FD6EDC7
0000000000000
0000000000000
103E06EA23A7C
1AE24B2ECAF23
0000000000000
0000000000000
0000000000000
0000000000000
0000000000000
0000000000000
103F2E7A29A82
0000000000000
0000000000000
0000000000000
0000000000000
0000000000000
0000000000000
0000000000000
10170177B8811
103F04E00F068
0000000000000
0000000000000
0000000000000
0000000000000
0000000000000
0000000000000
104206A62567E
15B704E6FE757
0000000000000
0000000000000
102D3613523AB
16E89359A39FC
10251CB6836DC
1099B06D1BD74
0000000000000
0000000000000
0000000000000
0000000000000
0000000000000
0000000000000
0000000000000
0000000000000
0000000000000
104304A22527E
0000000000000
0000000000000
0000000000000
0000000000000
0000000000000
0000000000000
0000000000000
0000000000000
0000000000000
0000000000000
0000000000000
0000000000000
0000000000000
0000000000000
0000000000000
0000000000000
0000000000000
0000000000000
0000000000000
0000000000000
10270696876E0
102103E67C6D5
0000000000000
0000000000000
0000000000000
0000000000000
0000000000000
0000000000000
0000000000000
104F0480580B1
0000000000000
0000000000000
0000000000000
0000000000000
0000000000000
0000000000000
0000000000000
0000000000000
0000000000000
0000000000000
109B5F96CA723
0000000000000
0000000000000
0000000000000
0000000000000
10307A77D382C
103703F0AE107
11F254B6E473D
0000000000000
10B3128AA4AFD
0000000000000
0000000000000
0000000000000
11E005F3963EF
14C31FC86B8C4
166C04D70675F
0000000000000
0000000000000
0000000000000
0000000000000
10220B4BDAC33
0000000000000
0000000000000
14F9D50E24E7D
0000000000000
0000000000000
104D071A53AAC
19102DDB7BBD4
109604830435D
0000000000000
0000000000000
0000000000000
0000000000000
0000000000000
0000000000000
0000000000000
11F707183D896
0000000000000
0000000000000
0000000000000
10480A28DC935
16230699939EC
0000000000000
0000000000000
0000000000000
104541A7F584E
0000000000000
10660673713CA
0000000000000
0000000000000
0000000000000
0000000000000
0000000000000
0000000000000
0000000000000
16E0D29E51EAA
0000000000000
0000000000000
0000000000000
0000000000000
104303D01B074
104103F06E0C7
10481E83AD406
11EB8BAD98DF1
0000000000000
0000000000000
0000000000000
0000000000000
0000000000000
0000000000000
10C406C13418D
1338041DD0E29
0000000000000
0000000000000
0000000000000
0000000000000
0000000000000
0000000000000
0000000000000
0000000000000
0000000000000
0000000000000
14F830C86F8C8
10160139CFA28
1153DC5D70DC9
0000000000000
0000000000000
0000000000000
0000000000000
0000000000000
193D1C19C5A1E
0000000000000
0000000000000
0000000000000
0000000000000
0000000000000
0000000000000
0000000000000
103F05B2BC315
1ACFDEBEC7F20
119B05D6566AF
0000000000000
0000000000000
0000000000000
0000000000000
0000000000000
0000000000000
0000000000000
0000000000000
10B80474DB534
0000000000000
0000000000000
0000000000000
0000000000000
10CBC5FD3ED97
0000000000000
103C08A2BB314
13D90AF3BB414
1A3935EEAEF07
0000000000000
0000000000000
0000000000000
0000000000000
0000000000000
0000000000000
0000000000000
0000000000000
0000000000000
0000000000000
0000000000000
0000000000000
0000000000000
0000000000000
0000000000000
0000000000000
0000000000000
0000000000000
0000000000000
0000000000000
0000000000000
0000000000000
0000000000000
0000000000000
10140157B580E
0000000000000
0000000000000
0000000000000
0000000000000
1775BA3B52BAB
0000000000000
0000000000000
0000000000000
0000000000000
0000000000000
10B4108928981
104104C739792
190703B9BDA16
103C280C57CB0
0000000000000
0000000000000
0000000000000
0000000000000
0000000000000
0000000000000
0000000000000
0000000000000
0000000000000
10AB0920C411D
0000000000000
103D04620B264
0000000000000
0000000000000
0000000000000
0000000000000
0000000000000
0000000000000
0000000000000
0000000000000
0000000000000
1074951A86ADF
0000000000000
0000000000000
0000000000000
0000000000000
0000000000000
0000000000000
105D3814D552E
10150186796D2
14B004E9869DF
179E682E6CEC5
10253A552D586
16501A179D7F6
0000000000000
10330608BC915
0000000000000
0000000000000
0000000000000
132415360465D
1D5B053F27F80
0000000000000
0000000000000
0000000000000
0000000000000
0000000000000
0000000000000
0000000000000
10331031501A9
0000000000000
0000000000000
105979ACC9D22
0000000000000
0000000000000
0000000000000
0000000000000
0000000000000
0000000000000
107A06090A963
0000000000000
159B0678748CD
103E0738CE927
0000000000000
0000000000000
0000000000000
0000000000000
0000000000000
0000000000000
0000000000000
0000000000000
0000000000000
0000000000000
0000000000000
0000000000000
0000000000000
0000000000000
0000000000000
0000000000000
0000000000000
0000000000000
0000000000000
10257849EDA46
1C941F5F01F5A
0000000000000
0000000000000
0000000000000
0000000000000
0000000000000
0000000000000
0000000000000
0000000000000
0000000000000
0000000000000
106A067CF5D4E
0000000000000
0000000000000
0000000000000
104A05B24D2A6
11934F15515AA
111D03F82C885
0000000000000
13532263A13FA
0000000000000
15210D64F154A
0000000000000
0000000000000
0000000000000
0000000000000
0000000000000
0000000000000
0000000000000
0000000000000
127F58FDB5E0E
0000000000000
0000000000000
0000000000000
0000000000000
0000000000000
0000000000000
0000000000000
0000000000000
0000000000000
0000000000000
0000000000000
0000000000000
1024049BE6C3F
0000000000000
0000000000000
104D12D2B130A
1033053C2FC88
0000000000000
0000000000000
104A04E62F688
0000000000000
0000000000000
0000000000000
0000000000000
0000000000000
0000000000000
0000000000000
0000000000000
11E321E240299
1468086B1EB77
10E003F93398C
0000000000000
0000000000000
0000000000000
0000000000000
10634377527AB
0000000000000
0000000000000
106A04D32A383
10080103F444D
0000000000000
0000000000000
0000000000000
0000000000000
104706A8DA933
18FA497B77BD0
102218D14119A
102608944D4A6
1827B76B64BBD
0000000000000
0000000000000
0000000000000
0000000000000
0000000000000
0000000000000
0000000000000
0000000000000
0000000000000
0000000000000
0000000000000
0000000000000
0000000000000
0000000000000
108D03D03508E
0000000000000
10C1053AA9B02
0000000000000
0000000000000
0000000000000
0000000000000
0000000000000
0000000000000
0000000000000
0000000000000
0000000000000
0000000000000
0000000000000
102D033727780
0000000000000
0000000000000
12601D16586B1
0000000000000
0000000000000
0000000000000
104E03B0D0129
0000000000000
0000000000000
0000000000000
0000000000000
0000000000000
0000000000000
0000000000000
0000000000000
0000000000000
0000000000000
0000000000000
0000000000000
0000000000000
0000000000000
143C1286F374C
10A803C75D7B6
1A3A70CEAFF08
0000000000000
0000000000000
0000000000000
10332498BD916
0000000000000
0000000000000
0000000000000
0000000000000
0000000000000
0000000000000
0000000000000
0000000000000
0000000000000
0000000000000
0000000000000
0000000000000
0000000000000
0000000000000
103208B4A04F9
103B05141E477
0000000000000
0000000000000
0000000000000
0000000000000
138A075337390
0000000000000
0000000000000
0000000000000
0000000000000
0000000000000
0000000000000
159B04DB3AB93
0000000000000
0000000000000
0000000000000
0000000000000
0000000000000
0000000000000
0000000000000
0000000000000
0000000000000
0000000000000
0000000000000
0000000000000
0000000000000
0000000000000
0000000000000
1021027BCFC28
103C08BA19A72
0000000000000
0000000000000
0000000000000
10430D87F284B
0000000000000
0000000000000
0000000000000
0000000000000
0000000000000
0000000000000
0000000000000
0000000000000
0000000000000
0000000000000
0000000000000
0000000000000
0000000000000
0000000000000
0000000000000
0000000000000
0000000000000
0000000000000
112309D54C5A5
0000000000000
0000000000000
0000000000000
0000000000000
0000000000000
0000000000000
0000000000000
10240225B7610
0000000000000
0000000000000
104355AC86CDF
0000000000000
0000000000000
0000000000000
0000000000000
0000000000000
0000000000000
0000000000000
0000000000000
0000000000000
0000000000000
0000000000000
0000000000000
0000000000000
0000000000000
0000000000000
128E067DB7E10
0000000000000
0000000000000
0000000000000
0000000000000
0000000000000
0000000000000
0000000000000
0000000000000
103C1DE1DB234
0000000000000
0000000000000
0000000000000
0000000000000
0000000000000
0000000000000
0000000000000
106010ACDAD33
0000000000000
0000000000000
103D06011B174
124D27022227B
11BB0C41641BD
110216C5F164A
104D07063468D
0000000000000
0000000000000
0000000000000
0000000000000
10210D771D776
102E0493813DA
10C10466CF728
10231249E2A3B
0000000000000
0000000000000
0000000000000
0000000000000
0000000000000
0000000000000
104622662D686
0000000000000
0000000000000
0000000000000
0000000000000
1033046A09A62
104C3CA5D462D
15F00E75B160A
0000000000000
0000000000000
0000000000000
0000000000000
0000000000000
0000000000000
0000000000000
0000000000000
0000000000000
0000000000000
0000000000000
0000000000000
0000000000000
120816D1BA213
0000000000000
0000000000000
0000000000000
0000000000000
0000000000000
0000000000000
0000000000000
0000000000000
0000000000000
0000000000000
0000000000000
10E2153D48DA1
0000000000000
0000000000000
0000000000000
0000000000000
0000000000000
0000000000000
0000000000000
102505C9E7A40
0000000000000
128D2162B630F
0000000000000
0000000000000
0000000000000
0000000000000
0000000000000
0000000000000
0000000000000
0000000000000
128B05FAF4B4D
0000000000000
0000000000000
0000000000000
0000000000000
0000000000000
0000000000000
12DF0749719CA
103E3A236D3C6
0000000000000
111C422AC5B1E
0000000000000
125E4FE6E9742
0000000000000
1063501CE8D41
0000000000000
103703323328C
10EA03F4634BC
102103449B4F4
10402375C8621
14A430C6F674F
139739FDDFE38
0000000000000
12A62DD518571
0000000000000
0000000000000
0000000000000
0000000000000
0000000000000
0000000000000
0000000000000
0000000000000
169E06A99D9F6
103417133E397
13F10673A43FD
106A63C8FE957
10AB52EA9EAF7
0000000000000
0000000000000
0000000000000
0000000000000
106004DA70AC9
0000000000000
0000000000000
0000000000000
0000000000000
0000000000000
0000000000000
110818CD55DAE
0000000000000
105D39B5895E2
107A0DC5E663F
1C8E099EFEF57
0000000000000
123703D2E533E
0000000000000
0000000000000
0000000000000
14D86B6B2DB86
0000000000000
0000000000000
0000000000000
0000000000000
105D43E45A4B3
10320716926EB
0000000000000
0000000000000
0000000000000
1DBA0A2F2FF88
0000000000000
0000000000000
115713C12517E
10661CD35D3B6
101701ABC7C20
0000000000000
162512A70575E
0000000000000
0000000000000
0000000000000
0000000000000
0000000000000
0000000000000
0000000000000
0000000000000
0000000000000
0000000000000
102504F26D2C6
0000000000000
0000000000000
16CB0D67A47FD
103D05362267B
104004E7E7840
111330CAC3B1C
0000000000000
0000000000000
105C03F02F088
0000000000000
0000000000000
0000000000000
0000000000000
0000000000000
11C310A3E9442
0000000000000
0000000000000
17D5069B5FBB8
0000000000000
0000000000000
0000000000000
0000000000000
16330A2E38E91
0000000000000
0000000000000
0000000000000
0000000000000
0000000000000
0000000000000
0000000000000
0000000000000
0000000000000
0000000000000
0000000000000
0000000000000
0000000000000
0000000000000
0000000000000
103F03E018071
117A05B1A7200
1050071637690
12B950B96A9C3
10339B2A0EA67
0000000000000
0000000000000
0000000000000
140218B4944ED
178EAF4B59BB2
103003BC1DC76
192623AE99EF2
0000000000000
0000000000000
0000000000000
0000000000000
0000000000000
0000000000000
0000000000000
0000000000000
0000000000000
0000000000000
0000000000000
0000000000000
0000000000000
0000000000000
0000000000000
0000000000000
109D1A0A98AF1
165091EB44B9D
0000000000000
0000000000000
16F3292E53EAC
10330A10860DF
0000000000000
0000000000000
0000000000000
100A01C2802D9
0000000000000
104C0742AE307
0000000000000
105134B5D9632
0000000000000
0000000000000
0000000000000
0000000000000
0000000000000
0000000000000
0000000000000
0000000000000
0000000000000
0000000000000
0000000000000
0000000000000
0000000000000
0000000000000
0000000000000
0000000000000
0000000000000
0000000000000
0000000000000
0000000000000
11500EF48B4E4
0000000000000
0000000000000
0000000000000
0000000000000
0000000000000
0000000000000
0000000000000
12DA05DDC7E20
0000000000000
0000000000000
1369053B0DB66
0000000000000
0000000000000
0000000000000
0000000000000
0000000000000
111C17C14319C
119E12F2982F1
11F2130AE6B3F
0000000000000
0000000000000
0000000000000
0000000000000
104A0BDC9BCF4
0000000000000
11A2A7BD8ADE3
0000000000000
0000000000000
107703BA89AE2
10490D4108161
0000000000000
10661994D8531
0000000000000
11A2403D89DE2
0000000000000
0000000000000
1107233AC0B19
106E48B7547AD
11741A26546AD
0000000000000
0000000000000
10E404D10C165
0000000000000
0000000000000
0000000000000
0000000000000
101000E2FB354
102104E89E8F7
104306321C275
0000000000000
0000000000000
0000000000000
0000000000000
0000000000000
0000000000000
0000000000000
14741FC6656BE
0000000000000
0000000000000
0000000000000
0000000000000
0000000000000
0000000000000
0000000000000
0000000000000
0000000000000
0000000000000
0000000000000
0000000000000
0000000000000
0000000000000
159805F7957EE
0000000000000
0000000000000
108503FA92AEB
0000000000000
0000000000000
0000000000000
0000000000000
0000000000000
17A0700E6EEC7
1A991E8BA6BFF
115F07D94299B
0000000000000
0000000000000
104E45BCB2D0B
1816A90B62BBB
0000000000000
0000000000000
0000000000000
0000000000000
0000000000000
178A1E6E65EBE
0000000000000
0000000000000
0000000000000
10513E153F598
103E03F0E8141
0000000000000
104A349429482
10510A510F168
10E40676D272B
0000000000000
0000000000000
0000000000000
0000000000000
0000000000000
0000000000000
0000000000000
0000000000000
0000000000000
0000000000000
0000000000000
0000000000000
0000000000000
0000000000000
17370538838DC
0000000000000
0000000000000
10400D70DF138
0000000000000
0000000000000
0000000000000
0000000000000
0000000000000
0000000000000
0000000000000
0000000000000
103D06D04209B
0000000000000
103E04C73578E
0000000000000
0000000000000
0000000000000
10761400EB144
0000000000000
0000000000000
0000000000000
0000000000000
0000000000000
0000000000000
0000000000000
0000000000000
0000000000000
0000000000000
0000000000000
0000000000000
0000000000000
0000000000000
0000000000000
19C0046EA4EFD
0000000000000
104C12453A593
0000000000000
0000000000000
0000000000000
11231AF16A1C3
11AC0311541AD
0000000000000
0000000000000
0000000000000
101A01BBCBC24
0000000000000
113C05F82D886
0000000000000
0000000000000
0000000000000
185D89A8908E9
0000000000000
0000000000000
0000000000000
101901261666F
16F204E87F8D8
0000000000000
0000000000000
0000000000000
19BB15BB88BE1
0000000000000
0000000000000
10631705E0639
0000000000000
0000000000000
16840A299A9F3
0000000000000
0000000000000
0000000000000
0000000000000
0000000000000
104D1618E193A
0000000000000
110C0A282A883
0000000000000
107A12AD07D60
0000000000000
12BA1086EC745
0000000000000
0000000000000
0000000000000
0000000000000
0000000000000
0000000000000
0000000000000
0000000000000
0000000000000
0000000000000
0000000000000
0000000000000
1927568B7DBD6
0000000000000
0000000000000
0000000000000
0000000000000
0000000000000
15DD568B3DB96
146B04D52157A
10460715CE627
110452C5935EC
0000000000000
172704DE59EB2
0000000000000
0000000000000
0000000000000
0000000000000
0000000000000
0000000000000
0000000000000
0000000000000
0000000000000
0000000000000
0000000000000
0000000000000
0000000000000
0000000000000
10D703E3E543E
10411DB1DC235
10420497EE847
0000000000000
0000000000000
0000000000000
0000000000000
0000000000000
0000000000000
0000000000000
0000000000000
12860423B440D
17F206788B8E4
0000000000000
0000000000000
0000000000000
0000000000000
0000000000000
0000000000000
0000000000000
0000000000000
0000000000000
0000000000000
105E04E80F868
0000000000000
0000000000000
109A5D991A973
1233067DA0DF9
0000000000000
0000000000000
0000000000000
0000000000000
10F0D59D4DDA6
0000000000000
0000000000000
0000000000000
0000000000000
0000000000000
105405BCC3D1C
105909908F0E8
0000000000000
0000000000000
0000000000000
0000000000000
0000000000000
0000000000000
10360614534AC
161305B7977F0
1AA8071EC2F1B
0000000000000
0000000000000
104A5667FE857
0000000000000
103B295500559
0000000000000
0000000000000
0000000000000
0000000000000
0000000000000
105B16F4AB504
0000000000000
0000000000000
104F268CB3D0C
0000000000000
0000000000000
0000000000000
103405F1621BB
0000000000000
0000000000000
0000000000000
0000000000000
0000000000000
0000000000000
0000000000000
0000000000000
0000000000000
0000000000000
0000000000000
127A04DAF1B4A
0000000000000
0000000000000
0000000000000
14387C37877E0
0000000000000
0000000000000
0000000000000
103C183A1BA74
1C58CA7EEDF46
0000000000000
0000000000000
0000000000000
0000000000000
0000000000000
0000000000000
0000000000000
106F077CF9D52
10D603F318371
0000000000000
104C067CA1CFA
0000000000000
0000000000000
0000000000000
0000000000000
0000000000000
0000000000000
1032030C25C7E
0000000000000
0000000000000
0000000000000
0000000000000
104803F310369
0000000000000
0000000000000
0000000000000
0000000000000
0000000000000
0000000000000
0000000000000
0000000000000
0000000000000
0000000000000
0000000000000
0000000000000
0000000000000
0000000000000
0000000000000
0000000000000
0000000000000
0000000000000
0000000000000
0000000000000
0000000000000
0000000000000
0000000000000
0000000000000
0000000000000
0000000000000
0000000000000
0000000000000
0000000000000
0000000000000
10351F319B1F4
0000000000000
0000000000000
0000000000000
0000000000000
0000000000000
0000000000000
0000000000000
13890C73B8411
0000000000000
0000000000000
12B93B84914EA
0000000000000
102D06E61B674
0000000000000
0000000000000
0000000000000
0000000000000
0000000000000
14CB6E26F8751
107668CA88AE1
0000000000000
0000000000000
0000000000000
0000000000000
0000000000000
0000000000000
0000000000000
0000000000000
0000000000000
0000000000000
0000000000000
0000000000000
0000000000000
0000000000000
0000000000000
109A29023B294
1C31CEAEE5F3E
10E204E1DF238
125D2A095D9B6
0000000000000
0000000000000
10415315CB624
0000000000000
0000000000000
0000000000000
10411F51FE257
0000000000000
10AB43D92397C
0000000000000
0000000000000
1CF10D8F17F70
0000000000000
0000000000000
0000000000000
0000000000000
0000000000000
0000000000000
0000000000000
0000000000000
0000000000000
0000000000000
0000000000000
10446316AA703
0000000000000
0000000000000
0000000000000
0000000000000
0000000000000
0000000000000
104E04200405D
1C5710AEECF45
0000000000000
10636BCA79AD2
0000000000000
0000000000000
0000000000000
155C05F6FC755
0000000000000
0000000000000
0000000000000
0000000000000
103206A24329C
0000000000000
0000000000000
10432C8A33A8C
0000000000000
0000000000000
11310CF0DB134
10632DD430489
10D906754A5A3
103F0C15805D9
0000000000000
10E0053439492
14C8AACE16E6F
0000000000000
0000000000000
0000000000000
0000000000000
0000000000000
0000000000000
0000000000000
103303F25F2B8
129705BAF7B50
0000000000000
0000000000000
0000000000000
11416C082E887
0000000000000
0000000000000
0000000000000
107A03F909962
0000000000000
106904E07F0D8
0000000000000
16FA0737AA803
0000000000000
10230883513AA
102D5518B390C
1CC4D69F10F69
0000000000000
0000000000000
0000000000000
0000000000000
0000000000000
0000000000000
0000000000000
0000000000000
0000000000000
0000000000000
0000000000000
0000000000000
0000000000000
0000000000000
0000000000000
0000000000000
0000000000000
0000000000000
0000000000000
17260679A7A00
0000000000000
0000000000000
0000000000000
0000000000000
107A04C0980F1
0000000000000
0000000000000
147B5B28648BD
0000000000000
0000000000000
0000000000000
102504815F1B8
0000000000000
0000000000000
192D3ED9C3A1C
0000000000000
0000000000000
0000000000000
108B04F91396C
1017013BC6C1F
1B3D15BBB6C0F
105A0CD0790D2
0000000000000
0000000000000
0000000000000
0000000000000
0000000000000
0000000000000
0000000000000
0000000000000
0000000000000
0000000000000
0000000000000
0000000000000
0000000000000
0000000000000
0000000000000
12CA04D410469
129F718DBBE14
0000000000000
0000000000000
0000000000000
0000000000000
0000000000000
0000000000000
0000000000000
0000000000000
0000000000000
0000000000000
0000000000000
0000000000000
0000000000000
0000000000000
0000000000000
0000000000000
0000000000000
0000000000000
103F2C46A26FB
0000000000000
0000000000000
0000000000000
0000000000000
0000000000000
0000000000000
0000000000000
0000000000000
0000000000000
0000000000000
0000000000000
146A04DDFFE58
1028030BF9C52
168218B9989F1
0000000000000
149609DE0EE67
0000000000000
0000000000000
0000000000000
0000000000000
10870471A11FA
0000000000000
0000000000000
0000000000000
0000000000000
0000000000000
1B371D1BB5C0E
15DD04A9919EA
10C1A89AABB04
0000000000000
0000000000000
118F034D84DDD
0000000000000
0000000000000
0000000000000
0000000000000
0000000000000
0000000000000
0000000000000
0000000000000
0000000000000
0000000000000
0000000000000
10434A4C85CDE
0000000000000
111307A93A993
0000000000000
0000000000000
0000000000000
0000000000000
0000000000000
0000000000000
0000000000000
0000000000000
0000000000000
0000000000000
0000000000000
0000000000000
0000000000000
0000000000000
0000000000000
104707E6AD706
102205BBD8C31
19852DEB83BDC
0000000000000
10B526892A983
0000000000000
103C043C52CAB
103E0AE06D0C6
0000000000000
10520601E8241
0000000000000
0000000000000
10413E4A2FA88
0000000000000
0000000000000
0000000000000
119603F23F298
0000000000000
0000000000000
0000000000000
0000000000000
0000000000000
0000000000000
0000000000000
0000000000000
0000000000000
0000000000000
0000000000000
0000000000000
0000000000000
0000000000000
0000000000000
0000000000000
0000000000000
0000000000000
0000000000000
0000000000000
0000000000000
0000000000000
0000000000000
102F02E7CD826
104E05C47F4D8
10160178978F0
0000000000000
0000000000000
0000000000000
0000000000000
0000000000000
108B042118171
115D074210269
0000000000000
0000000000000
0000000000000
14A407A78D7E6
0000000000000
0000000000000
105F04E04409D
0000000000000
0000000000000
0000000000000
0000000000000
0000000000000
0000000000000
104208A100159
10CF067409462
0000000000000
0000000000000
113203E119172
0000000000000
0000000000000
0000000000000
0000000000000
0000000000000
0000000000000
11A0943D88DE1
0000000000000
0000000000000
0000000000000
0000000000000
0000000000000
0000000000000
0000000000000
104A061C9ACF3
106E072217270
0000000000000
0000000000000
134508ADD3E2C
0000000000000
10251742E9342
11160673CA423
103D04C4754CE
102C0BD7C8821
103E06D7DF838
0000000000000
0000000000000
0000000000000
0000000000000
0000000000000
0000000000000
0000000000000
120409983E897
0000000000000
0000000000000
0000000000000
0000000000000
152807AE26E7F
0000000000000
0000000000000
1933296B7FBD8
0000000000000
0000000000000
15A449C7967EF
1589980E2BE84
0000000000000
0000000000000
0000000000000
0000000000000
0000000000000
0000000000000
10CF62F6476A0
0000000000000
103D03F040099
0000000000000
0000000000000
1A7E06BEBEF17
0000000000000
0000000000000
0000000000000
0000000000000
0000000000000
0000000000000
0000000000000
0000000000000
103B275C4FCA8
0000000000000
0000000000000
0000000000000
0000000000000
0000000000000
0000000000000
0000000000000
10470713FF458
104E0695865DF
0000000000000
0000000000000
0000000000000
103C07724529E
0000000000000
0000000000000
102429A3D8431
105C0532EF348
0000000000000
0000000000000
1264566DAAE03
10A289191F978
10250217C381C
10BD0480DD136
0000000000000
0000000000000
0000000000000
0000000000000
0000000000000
0000000000000
126736B4E553E
0000000000000
0000000000000
0000000000000
0000000000000
19190B89BFA18
0000000000000
0000000000000
0000000000000
0000000000000
10330250C8121
0000000000000
0000000000000
0000000000000
0000000000000
0000000000000
0000000000000
0000000000000
0000000000000
0000000000000
0000000000000
0000000000000
0000000000000
102D13E1D522E
0000000000000
0000000000000
1C78D1EEF7F50
0000000000000
0000000000000
0000000000000
0000000000000
0000000000000
0000000000000
0000000000000
102434A72277B
0000000000000
0000000000000
0000000000000
0000000000000
0000000000000
0000000000000
0000000000000
0000000000000
0000000000000
0000000000000
0000000000000
0000000000000
0000000000000
0000000000000
0000000000000
0000000000000
0000000000000
0000000000000
0000000000000
0000000000000
0000000000000
0000000000000
0000000000000
0000000000000
126A05D65A6B3
0000000000000
0000000000000
0000000000000
0000000000000
0000000000000
0000000000000
0000000000000
104303C7F184A
0000000000000
0000000000000
0000000000000
0000000000000
0000000000000
0000000000000
0000000000000
102F0484514AA
0000000000000
0000000000000
0000000000000
0000000000000
0000000000000
0000000000000
106343D4D7530
0000000000000
0000000000000
0000000000000
183805A9B2A0B
0000000000000
0000000000000
0000000000000
0000000000000
0000000000000
0000000000000
0000000000000
10430492AD306
0000000000000
0000000000000
0000000000000
0000000000000
0000000000000
0000000000000
10360D7C42C9B
1034346C3EC97
0000000000000
0000000000000
0000000000000
0000000000000
0000000000000
0000000000000
0000000000000
0000000000000
0000000000000
0000000000000
10F92B47697C2
0000000000000
101A015719772
1BFD07DBBCC15
0000000000000
0000000000000
0000000000000
0000000000000
0000000000000
11B505340D466
0000000000000
0000000000000
0000000000000
0000000000000
111604D82B884
105145D5885E1
16FB086E54EAD
1A58025EB5F0E
0000000000000
0000000000000
0000000000000
12F806A2A8301
0000000000000
0000000000000
0000000000000
0000000000000
0000000000000
0000000000000
111B0B293E997
10A403E2A32FC
0000000000000
0000000000000
0000000000000
103B32569A6F3
0000000000000
103F05F1F0249
0000000000000
0000000000000
0000000000000
0000000000000
0000000000000
10153134F654F
107117790495D
159703F56C5C5
105E0476BC715
18781F0B6FBC8
0000000000000
107A2766C7720
0000000000000
0000000000000
0000000000000
1083913A91AEA
0000000000000
0000000000000
1373690B0EB67
0000000000000
0000000000000
0000000000000
0000000000000
12E1139B02B5B
0000000000000
0000000000000
0000000000000
108519981B874
109109C0630BC
103605B3DB434
103E053C5DCB6
0000000000000
111B06A19E1F7
103B09924429D
10140167B680F
10C5067AADB06
0000000000000
153C33A4F354C
10F2065207260
0000000000000
0000000000000
0000000000000
10631D854159A
10490450B510E
0000000000000
0000000000000
0000000000000
0000000000000
0000000000000
0000000000000
0000000000000
0000000000000
0000000000000
0000000000000
103E199A26A7F
0000000000000
0000000000000
0000000000000
0000000000000
15173EB66B6C4
0000000000000
0000000000000
0000000000000
0000000000000
10630920530AC
104124322C285
0000000000000
0000000000000
0000000000000
0000000000000
0000000000000
0000000000000
0000000000000
1063AE9CEBD44
0000000000000
102D08112E187
0000000000000
0000000000000
1087698910969
149D04DB27B80
0000000000000
105F16D7507A9
104C27ECA4CFD
0000000000000
0000000000000
10710C75E563E
0000000000000
103C5E47DC835
0000000000000
0000000000000
110C067AC1B1A
0000000000000
10D64BBD40D99
0000000000000
106240D45B4B4
0000000000000
0000000000000
0000000000000
0000000000000
0000000000000
0000000000000
11E4722D96DEF
1C6BF0DEF1F4A
0000000000000
0000000000000
0000000000000
0000000000000
102102D5B560E
147B6B78658BE
0000000000000
0000000000000
0000000000000
0000000000000
0000000000000
0000000000000
0000000000000
0000000000000
107892EA8AAE3
0000000000000
0000000000000
0000000000000
0000000000000
0000000000000
0000000000000
103F0520A20FB
104704A0EE147
103416A23228B
107AAE4D0BD64
0000000000000
0000000000000
0000000000000
103D05973378C
1B75060ED3F2C
0000000000000
0000000000000
0000000000000
0000000000000
106604CCEDD46
104105A3FD456
137931533638F
10A41BF75C7B5
0000000000000
127F2402E633F
10340244A24FB
0000000000000
1025A57BF0C49
10421612C9322
0000000000000
104A08F7FD856
0000000000000
104E329A60AB9
0000000000000
0000000000000
148503F8668BF
149D0678688C1
0000000000000
0000000000000
0000000000000
0000000000000
0000000000000
0000000000000
1D7D69FF2AF83
0000000000000
104D04935B3B4
157E4CB7937EC
16DD0E87A57FE
0000000000000
0000000000000
102D0740B210B
1A3007AEAAF03
11E005B2D432D
0000000000000
0000000000000
0000000000000
0000000000000
0000000000000
0000000000000
0000000000000
11D417717D1D6
14E40675A8601
0000000000000
0000000000000
0000000000000
0000000000000
0000000000000
0000000000000
100E0059CBA24
10420BE6A8701
0000000000000
103E0604CB524
0000000000000
0000000000000
12B60674684C1
1D5D05FF28F81
103308010515E
104E09DA5CAB5
0000000000000
0000000000000
0000000000000
0000000000000
103C0A569C6F5
15CF0C55AD606
1625D2FE37E90
0000000000000
0000000000000
13B041EDE4E3D
0000000000000
1033123C32C8B
0000000000000
10300421F524E
0000000000000
0000000000000
0000000000000
0000000000000
12412461EE247
14F71EF9899E2
0000000000000
0000000000000
0000000000000
0000000000000
0000000000000
1A4FC71EB4F0D
0000000000000
0000000000000
0000000000000
0000000000000
0000000000000
0000000000000
0000000000000
1041067537590
1063085A75ACE
103B0B317F1D8
106603F0850DE
12E1096DCAE23
109018B5E7640
1032029A05A5E
0000000000000
0000000000000
0000000000000
0000000000000
0000000000000
10290BBBFDC56
1141D93D6BDC4
0000000000000
0000000000000
0000000000000
0000000000000
0000000000000
0000000000000
0000000000000
0000000000000
0000000000000
0000000000000
0000000000000
0000000000000
0000000000000
0000000000000
0000000000000
0000000000000
0000000000000
0000000000000
0000000000000
0000000000000
103909157F5D8
0000000000000
0000000000000
1048053C8FCE8
0000000000000
0000000000000
0000000000000
0000000000000
0000000000000
0000000000000
0000000000000
12B9ADAAFDB56
0000000000000
0000000000000
0000000000000
0000000000000
0000000000000
0000000000000
0000000000000
0000000000000
108F05343548E
103D1303DE437
0000000000000
105A115139192
109005F43648F
0000000000000
10271C59F4A4D
1204437D9CDF5
1780433E61EBA
14CBE1EE18E71
102104703F098
186B04D9B4A0D
10D705FAB2B0B
1063345CE7D40
0000000000000
0000000000000
0000000000000
0000000000000
0000000000000
1E380E7F37F90
0000000000000
10BB05A3E443D
0000000000000
0000000000000
0000000000000
0000000000000
0000000000000
0000000000000
0000000000000
0000000000000
147B361B21B7A
0000000000000
0000000000000
0000000000000
14221FC55C5B5
0000000000000
0000000000000
0000000000000
104C06EA4EAA7
1636505B42B9B
0000000000000
0000000000000
0000000000000
111D12A1B620F
0000000000000
0000000000000
0000000000000
0000000000000
0000000000000
0000000000000
0000000000000
0000000000000
111D1CD2C131A
107F86FD11D6A
0000000000000
0000000000000
0000000000000
10D20B707A0D3
102904C5BB614
0000000000000
0000000000000
0000000000000
102605C0D8131
161107A70375C
115609DAD0B29
0000000000000
0000000000000
0000000000000
0000000000000
0000000000000
0000000000000
0000000000000
102E08A3D9432
0000000000000
0000000000000
102D05AC0FC68
0000000000000
0000000000000
0000000000000
0000000000000
0000000000000
0000000000000
0000000000000
12DF04065D6B6
0000000000000
0000000000000
0000000000000
0000000000000
0000000000000
11020675F0649
0000000000000
1C02705EE2F3B
0000000000000
0000000000000
0000000000000
0000000000000
0000000000000
0000000000000
103F2211D7230
0000000000000
0000000000000
0000000000000
0000000000000
0000000000000
0000000000000
0000000000000
0000000000000
0000000000000
0000000000000
1048971C94CED
0000000000000
0000000000000
10C392F92D986
0000000000000
0000000000000
0000000000000
10230338A38FC
0000000000000
0000000000000
0000000000000
0000000000000
0000000000000
0000000000000
0000000000000
0000000000000
0000000000000
0000000000000
0000000000000
0000000000000
0000000000000
0000000000000
14B129E4EF548
0000000000000
0000000000000
101801ABC8C21
0000000000000
0000000000000
0000000000000
0000000000000
0000000000000
1048060C90CE9
0000000000000
0000000000000
0000000000000
0000000000000
10AC071AA0AF9
0000000000000
0000000000000
0000000000000
0000000000000
0000000000000
0000000000000
0000000000000
0000000000000
0000000000000
0000000000000
0000000000000
0000000000000
0000000000000
0000000000000
0000000000000
0000000000000
103502B7D7830
0000000000000
14C8308E15E6E
0000000000000
0000000000000
0000000000000
0000000000000
0000000000000
118A1EC5975F0
0000000000000
0000000000000
0000000000000
15A404EB3BB94
0000000000000
0000000000000
0000000000000
0000000000000
0000000000000
0000000000000
0000000000000
0000000000000
0000000000000
0000000000000
104604310B164
10212579D7A30
124E3E939A3F3
13666819789D1
0000000000000
103F045128181
105006ACB5D0E
0000000000000
0000000000000
0000000000000
0000000000000
0000000000000
1615524610669
0000000000000
0000000000000
0000000000000
0000000000000
1781027E62EBB
0000000000000
0000000000000
107404D2BE317
10330597D482D
0000000000000
0000000000000
0000000000000
0000000000000
0000000000000
13AB6DBB11B6A
0000000000000
0000000000000
0000000000000
1095021A95AEE
0000000000000
106B07D6C171A
0000000000000
0000000000000
0000000000000
0000000000000
0000000000000
106A0D654459D
106352E6BE717
0000000000000
12C62C92722CB
10400403AA403
1038069C47CA0
12110531C8221
104008FC6FCC8
0000000000000
106D0D881586E
0000000000000
0000000000000
102C1248B190A
106605F1971F0
0000000000000
0000000000000
0000000000000
0000000000000
0000000000000
168405B9999F2
1182052D7EDD7
126714695F9B8
0000000000000
0000000000000
0000000000000
0000000000000
108B07D31636F
0000000000000
0000000000000
0000000000000
0000000000000
0000000000000
0000000000000
0000000000000
0000000000000
0000000000000
0000000000000
0000000000000
0000000000000
123F0EC22127A
14520C1DFBE54
0000000000000
0000000000000
0000000000000
0000000000000
11970EE14519E
132406E65F6B8
10180128998F2
0000000000000
0000000000000
0000000000000
0000000000000
0000000000000
0000000000000
0000000000000
0000000000000
0000000000000
0000000000000
0000000000000
0000000000000
0000000000000
0000000000000
0000000000000
0000000000000
103E942C66CBF
0000000000000
0000000000000
102D0820710CA
104D062A51AAA
0000000000000
0000000000000
0000000000000
105903D0740CD
1063A87A7AAD3
0000000000000
0000000000000
103E6B6A28A81
10D668FAB0B09
0000000000000
1742199E5CEB5
0000000000000
0000000000000
0000000000000
0000000000000
1223CF3D9EDF7
1CDE4FFF15F6E
151E02C5655BE
10AC05E64469D
10280DA7C681F
0000000000000
0000000000000
0000000000000
0000000000000
0000000000000
0000000000000
0000000000000
0000000000000
0000000000000
0000000000000
104104E2552AE
0000000000000
0000000000000
18D5077B74BCD
0000000000000
0000000000000
0000000000000
0000000000000
0000000000000
10340DC12F188
0000000000000
0000000000000
10AB0505EB644
0000000000000
0000000000000
0000000000000
104307C04C0A5
0000000000000
106356254259B
0000000000000
105DADECD5D2E
0000000000000
0000000000000
0000000000000
0000000000000
0000000000000
0000000000000
0000000000000
0000000000000
0000000000000
0000000000000
0000000000000
0000000000000
0000000000000
121A18B9559AE
12CC02EDC5E1E
103F04C00205B
0000000000000
0000000000000
0000000000000
0000000000000
0000000000000
0000000000000
0000000000000
0000000000000
0000000000000
0000000000000
0000000000000
0000000000000
0000000000000
0000000000000
0000000000000
0000000000000
0000000000000
0000000000000
0000000000000
0000000000000
0000000000000
103B0B21D622F
0000000000000
0000000000000
10611FD2782D1
106B0B790195A
0000000000000
0000000000000
0000000000000
0000000000000
0000000000000
0000000000000
0000000000000
0000000000000
0000000000000
0000000000000
0000000000000
0000000000000
0000000000000
0000000000000
0000000000000
0000000000000
0000000000000
103456BA10A69
10A48DBD25D7E
0000000000000
0000000000000
0000000000000
0000000000000
10163138988F1
0000000000000
0000000000000
0000000000000
0000000000000
104105B53658F
0000000000000
0000000000000
104C0616B370C
104205C0470A0
145505ADFCE55
0000000000000
0000000000000
0000000000000
0000000000000
0000000000000
0000000000000
0000000000000
0000000000000
0000000000000
107F1260F314C
0000000000000
149C067609662
0000000000000
0000000000000
0000000000000
0000000000000
0000000000000
0000000000000
0000000000000
0000000000000
0000000000000
0000000000000
0000000000000
15871805695C2
104709FC8DCE6
125B2922522AB
0000000000000
1F4A121F40F99
0000000000000
104204F427480
0000000000000
0000000000000
0000000000000
12760C78488A1
0000000000000
0000000000000
10D8CFCD43D9C
0000000000000
0000000000000
0000000000000
0000000000000
0000000000000
0000000000000
0000000000000
0000000000000
0000000000000
0000000000000
0000000000000
0000000000000
0000000000000
0000000000000
0000000000000
0000000000000
104D04880185A
1A4C029EB3F0C
11E00674B9512
0000000000000
0000000000000
0000000000000
0000000000000
0000000000000
10B4939929982
0000000000000
0000000000000
1089069D15D6E
0000000000000
0000000000000
10FBB08ABEB17
12A2826DBCE15
0000000000000
0000000000000
0000000000000
163305BB41B9A
11CE0B7220279
107A3E3D08D61
0000000000000
0000000000000
0000000000000
0000000000000
0000000000000
0000000000000
0000000000000
0000000000000
0000000000000
0000000000000
0000000000000
104D03B2DF338
18AF1999BBA14
0000000000000
10410681F7250
0000000000000
0000000000000
10AB07792197A
0000000000000
0000000000000
0000000000000
1A79839BA2BFB
0000000000000
0000000000000
0000000000000
0000000000000
0000000000000
0000000000000
0000000000000
0000000000000
110205BD52DAB
0000000000000
0000000000000
0000000000000
0000000000000
0000000000000
102335C30D366
0000000000000
0000000000000
0000000000000
0000000000000
0000000000000
0000000000000
0000000000000
0000000000000
0000000000000
0000000000000
0000000000000
0000000000000
102D25161C675
104263EC7FCD8
140239C7857DE
0000000000000
0000000000000
0000000000000
12E810A3793D2
0000000000000
0000000000000
0000000000000
12A106784B8A4
0000000000000
0000000000000
1688071E44E9D
0000000000000
0000000000000
0000000000000
0000000000000
0000000000000
0000000000000
10422526A9702
0000000000000
0000000000000
0000000000000
0000000000000
124D0E8DA5DFE
102D05B14D1A6
0000000000000
10260BE9F1A4A
0000000000000
10634D981286B
106204963C695
167505E9969EF
0000000000000
0000000000000
0000000000000
0000000000000
197C04DE9FEF8
0000000000000
0000000000000
0000000000000
0000000000000
0000000000000
0000000000000
0000000000000
0000000000000
102A060BFFC58
111D0863933EC
0000000000000
0000000000000
0000000000000
0000000000000
0000000000000
0000000000000
0000000000000
0000000000000
10460720600B9
104904C00505E
0000000000000
0000000000000
0000000000000
0000000000000
0000000000000
0000000000000
0000000000000
0000000000000
0000000000000
107405BCFED57
0000000000000
0000000000000
0000000000000
0000000000000
1012016BBFC18
0000000000000
0000000000000
146803F9829DB
13BD10AB13B6C
103D1648CB924
119360AD87DE0
0000000000000
0000000000000
0000000000000
0000000000000
0000000000000
105B48B8F0949
0000000000000
0000000000000
0000000000000
0000000000000
0000000000000
0000000000000
0000000000000
0000000000000
13A104851C575
0000000000000
0000000000000
0000000000000
0000000000000
0000000000000
0000000000000
0000000000000
0000000000000
0000000000000
10225517BE817
0000000000000
0000000000000
0000000000000
0000000000000
0000000000000
0000000000000
10E60EC0C0119
0000000000000
14D50994994F2
0000000000000
0000000000000
0000000000000
0000000000000
0000000000000
0000000000000
0000000000000
0000000000000
0000000000000
0000000000000
0000000000000
0000000000000
0000000000000
0000000000000
0000000000000
0000000000000
18A5628B73BCC
0000000000000
0000000000000
0000000000000
0000000000000
14CF04D6F9752
0000000000000
0000000000000
12E60534BD516
0000000000000
0000000000000
0000000000000
0000000000000
0000000000000
0000000000000
0000000000000
0000000000000
0000000000000
1A36049EADF06
104D35D3E143A
11CC04D2572B0
106323358B5E4
0000000000000
0000000000000
0000000000000
0000000000000
0000000000000
0000000000000
0000000000000
0000000000000
0000000000000
0000000000000
0000000000000
0000000000000
0000000000000
0000000000000
0000000000000
0000000000000
0000000000000
0000000000000
0000000000000
0000000000000
0000000000000
0000000000000
0000000000000
0000000000000
0000000000000
0000000000000
0000000000000
1076CF8D05D5E
0000000000000
14B00405605B9
0000000000000
0000000000000
102806B5B9612
1045071A36A8F
0000000000000
107E068029082
0000000000000
0000000000000
105307A1A41FD
0000000000000
10B8053AA6AFF
0000000000000
0000000000000
199148F9C9A22
109003F140199
1CBE2A0F0DF66
0000000000000
0000000000000
0000000000000
0000000000000
0000000000000
0000000000000
13FA04D46B4C4
0000000000000
0000000000000
0000000000000
0000000000000
0000000000000
114103C94199A
0000000000000
0000000000000
0000000000000
0000000000000
0000000000000
0000000000000
0000000000000
0000000000000
0000000000000
0000000000000
0000000000000
122F0863993F2
0000000000000
0000000000000
103F1233A9402
0000000000000
0000000000000
0000000000000
106834854359C
0000000000000
0000000000000
0000000000000
0000000000000
0000000000000
0000000000000
0000000000000
0000000000000
0000000000000
0000000000000
0000000000000
0000000000000
0000000000000
0000000000000
0000000000000
0000000000000
0000000000000
10630717517AA
0000000000000
0000000000000
0000000000000
0000000000000
0000000000000
0000000000000
119605F21F278
0000000000000
0000000000000
0000000000000
121B3B66E573E
11A6A78ADEB37
0000000000000
0000000000000
0000000000000
101501771576E
0000000000000
106904D6BF718
0000000000000
1915053B7CBD5
0000000000000
0000000000000
0000000000000
0000000000000
0000000000000
0000000000000
0000000000000
104148F73B794
0000000000000
0000000000000
0000000000000
10E10532D232B
0000000000000
0000000000000
0000000000000
0000000000000
102D22A68D6E6
1589D8EE2CE85
0000000000000
11D716D839892
0000000000000
0000000000000
0000000000000
0000000000000
0000000000000
0000000000000
0000000000000
0000000000000
0000000000000
0000000000000
0000000000000
0000000000000
0000000000000
0000000000000
12B818160165A
0000000000000
0000000000000
0000000000000
10B004D1E9242
107620B23A293
10464B98D9932
12970679669BF
0000000000000
1B243B6ECDF26
0000000000000
0000000000000
16A21C799F9F8
12042123983F1
0000000000000
103D04501306C
104303B11E177
103B043A16A6F
0000000000000
0000000000000
0000000000000
0000000000000
0000000000000
172D20D7AC805
0000000000000
0000000000000
0000000000000
0000000000000
0000000000000
167021679F7F8
191A9BC9C0A19
0000000000000
0000000000000
0000000000000
0000000000000
0000000000000
125004D77A7D3
10690674AC505
0000000000000
0000000000000
0000000000000
0000000000000
1D210A2F1DF76
0000000000000
11640E15965EF
0000000000000
10B1216AA2AFB
0000000000000
103025968F6E8
10B010A7607B9
103B050730789
0000000000000
0000000000000
0000000000000
0000000000000
121709743F498
0000000000000
0000000000000
12DE04D9709C9
0000000000000
0000000000000
10791DF81A873
0000000000000
0000000000000
104705E11C175
102F0C536A3C3
111C2471F224B
1488D02E0CE65
0000000000000
0000000000000
0000000000000
0000000000000
0000000000000
0000000000000
0000000000000
0000000000000
0000000000000
0000000000000
0000000000000
0000000000000
0000000000000
128E05477C7D5
0000000000000
1B2305FBB3C0C
0000000000000
0000000000000
0000000000000
0000000000000
0000000000000
0000000000000
11E44B79509A9
0000000000000
177C029E60EB9
0000000000000
0000000000000
0000000000000
0000000000000
0000000000000
0000000000000
0000000000000
0000000000000
0000000000000
0000000000000
0000000000000
0000000000000
0000000000000
0000000000000
13B306797A9D3
1089CDDD16D6F
0000000000000
0000000000000
0000000000000
0000000000000
0000000000000
0000000000000
0000000000000
0000000000000
0000000000000
0000000000000
19487A8E9BEF4
0000000000000
0000000000000
0000000000000
0000000000000
0000000000000
0000000000000
0000000000000
0000000000000
0000000000000
0000000000000
0000000000000
0000000000000
0000000000000
1A7A074EBDF16
0000000000000
0000000000000
0000000000000
0000000000000
0000000000000
0000000000000
0000000000000
0000000000000
0000000000000
0000000000000
0000000000000
0000000000000
0000000000000
0000000000000
0000000000000
0000000000000
0000000000000
0000000000000
0000000000000
105C03E1861DF
0000000000000
0000000000000
103F96AC6ACC3
1E352A0F36F8F
0000000000000
107B09304A0A3
0000000000000
0000000000000
0000000000000
0000000000000
10392246976F0
0000000000000
0000000000000
0000000000000
17767D79A9A02
13730C16F174A
0000000000000
0000000000000
128E94BAF5B4E
0000000000000
0000000000000
104671EA3AA93
0000000000000
10D80A2AB3B0C
0000000000000
0000000000000
0000000000000
0000000000000
0000000000000
0000000000000
0000000000000
0000000000000
0000000000000
0000000000000
0000000000000
103B05D29E2F7
1A6ADDDEBAF13
0000000000000
0000000000000
0000000000000
0000000000000
0000000000000
0000000000000
0000000000000
0000000000000
0000000000000
0000000000000
107A0E86C671F
12FCADFDCCE25
178BAFFE66EBF
109E71B820879
14772A1E05E5E
0000000000000
0000000000000
0000000000000
0000000000000
0000000000000
0000000000000
0000000000000
0000000000000
0000000000000
0000000000000
103B06AC4CCA5
103903B6966EF
0000000000000
0000000000000
126A1DF5FF658
1053046CBED17
0000000000000
0000000000000
0000000000000
17162BC7AB804
102607D41B474
0000000000000
0000000000000
0000000000000
0000000000000
0000000000000
0000000000000
0000000000000
1B8806BED4F2D
0000000000000
0000000000000
0000000000000
0000000000000
10221BA17E1D7
104E407CB1D0A
105106B6B8711
0000000000000
0000000000000
0000000000000
0000000000000
0000000000000
0000000000000
0000000000000
0000000000000
0000000000000
0000000000000
0000000000000
0000000000000
0000000000000
0000000000000
0000000000000
0000000000000
0000000000000
0000000000000
0000000000000
106104F58A5E3
0000000000000
0000000000000
1D30071F20F79
105F04D0D7130
0000000000000
130E0BAB06B5F
0000000000000
12B986FDC1E1A
0000000000000
16DF5A787E8D7
130704E84F8A8
0000000000000
104A4815835DC
0000000000000
0000000000000
0000000000000
0000000000000
0000000000000
156E05F8738CC
0000000000000
0000000000000
0000000000000
0000000000000
0000000000000
0000000000000
0000000000000
0000000000000
0000000000000
13EA071DEDE46
0000000000000
0000000000000
0000000000000
0000000000000
10234335B660F
10210404C651F
0000000000000
108508638E3E7
182F52CE80ED9
0000000000000
0000000000000
0000000000000
0000000000000
0000000000000
0000000000000
104304800105A
0000000000000
0000000000000
0000000000000
14F603952557E
0000000000000
0000000000000
104D06F80285B
0000000000000
163B03FB43B9C
10505E5CB8D11
0000000000000
0000000000000
0000000000000
0000000000000
0000000000000
0000000000000
0000000000000
0000000000000
0000000000000
0000000000000
0000000000000
17A0041E6DEC6
1BC905BEDEF37
0000000000000
0000000000000
0000000000000
104E0D853D596
0000000000000
0000000000000
108E0E725B2B4
0000000000000
0000000000000
0000000000000
106A047CF4D4D
0000000000000
105105E14219B
0000000000000
0000000000000
0000000000000
0000000000000
0000000000000
0000000000000
0000000000000
0000000000000
103E1360EA143
0000000000000
10A80420B9112
102502F13B194
0000000000000
0000000000000
0000000000000
0000000000000
0000000000000
0000000000000
0000000000000
102D86EC13C6C
0000000000000
0000000000000
0000000000000
111D0BA2962EF
0000000000000
0000000000000
126735DDAEE07
0000000000000
0000000000000
0000000000000
0000000000000
0000000000000
0000000000000
158C59D56B5C4
0000000000000
0000000000000
0000000000000
0000000000000
1063B85CECD45
0000000000000
0000000000000
0000000000000
0000000000000
16F2E69E52EAB
0000000000000
0000000000000
0000000000000
0000000000000
0000000000000
0000000000000
0000000000000
0000000000000
109B0AF0670C0
104F04A01606F
104A27EA4BAA4
0000000000000
0000000000000
0000000000000
0000000000000
10330384524AB
103050C6906E9
0000000000000
0000000000000
0000000000000
0000000000000
0000000000000
10A5067A9BAF4
105B099CCFD28
103D1D9A1FA78
10740611681C1
12032051AE207
10A53A33903E9
0000000000000
0000000000000
0000000000000
105D06612B184
102104DBD1C2A
0000000000000
0000000000000
0000000000000
0000000000000
0000000000000
0000000000000
1033150C33C8C
0000000000000
137FCBADDCE35
0000000000000
148D04A55F5B8
0000000000000
0000000000000
0000000000000
0000000000000
0000000000000
0000000000000
0000000000000
0000000000000
0000000000000
0000000000000
0000000000000
0000000000000
0000000000000
1109D5CD57DB0
0000000000000
0000000000000
1901249B79BD2
123431CDA1DFA
1043329A34A8D
0000000000000
0000000000000
0000000000000
0000000000000
0000000000000
1C6A05AEF0F49
10363B736B3C4
0000000000000
0000000000000
0000000000000
1CABDAEF08F61
0000000000000
0000000000000
0000000000000
0000000000000
0000000000000
0000000000000
0000000000000
104606B32437D
0000000000000
0000000000000
0000000000000
1436067B17B70
124F04D1FC255
0000000000000
0000000000000
0000000000000
0000000000000
0000000000000
0000000000000
0000000000000
10C406E3C7420
102A7407C7820
103F0535C661F
105E074CD6D2F
117A067D7BDD4
0000000000000
0000000000000
102A16B11A173
103E05FC5ECB7
11820E1AD7B30
18A5404E8DEE6
0000000000000
197B1CDB82BDB
0000000000000
0000000000000
0000000000000
0000000000000
0000000000000
0000000000000
0000000000000
0000000000000
104904624C2A5
0000000000000
0000000000000
119B7F983688F
0000000000000
0000000000000
0000000000000
0000000000000
0000000000000
0000000000000
0000000000000
0000000000000
0000000000000
0000000000000
0000000000000
0000000000000
103002F02A083
0000000000000
10600410CB124
102F07D41C475
0000000000000
0000000000000
0000000000000
0000000000000
12BA05D3D142A
125A0A277B7D4
0000000000000
11434D976C7C5
0000000000000
0000000000000
0000000000000
0000000000000
0000000000000
0000000000000
0000000000000
0000000000000
0000000000000
104D06974579E
10C4700D3CD95
0000000000000
0000000000000
0000000000000
104203B12617F
0000000000000
143604DDF2E4B
0000000000000
0000000000000
0000000000000
0000000000000
0000000000000
0000000000000
0000000000000
0000000000000
0000000000000
0000000000000
0000000000000
0000000000000
0000000000000
11E696F9519AA
0000000000000
107607D54559E
0000000000000
16A236FB4CBA5
0000000000000
103F110C68CC1
1388D28DDEE37
0000000000000
0000000000000
0000000000000
0000000000000
0000000000000
0000000000000
0000000000000
12652EDDACE05
0000000000000
0000000000000
0000000000000
0000000000000
0000000000000
0000000000000
0000000000000
0000000000000
0000000000000
0000000000000
0000000000000
0000000000000
0000000000000
0000000000000
0000000000000
0000000000000
0000000000000
0000000000000
0000000000000
12DB227B01B5A
0000000000000
1047359400459
0000000000000
0000000000000
10340251881E1
0000000000000
0000000000000
0000000000000
0000000000000
12BA59C60265B
0000000000000
0000000000000
0000000000000
0000000000000
0000000000000
0000000000000
0000000000000
0000000000000
104D2522772D0
162A1B58798D2
0000000000000
0000000000000
0000000000000
0000000000000
0000000000000
0000000000000
10370D0A13A6C
0000000000000
107507C1E423D
0000000000000
0000000000000
14D9AC5E1CE75
0000000000000
0000000000000
10260499F0A49
0000000000000
0000000000000
0000000000000
0000000000000
105D05919D1F6
0000000000000
0000000000000
0000000000000
0000000000000
0000000000000
0000000000000
0000000000000
0000000000000
13B43495A15FA
0000000000000
0000000000000
0000000000000
104D10CA54AAD
1B5810AED1F2A
0000000000000
14A909D46C4C5
0000000000000
0000000000000
0000000000000
0000000000000
0000000000000
0000000000000
0000000000000
107D1C11C421D
122326E21A273
0000000000000
0000000000000
0000000000000
1468199607660
0000000000000
0000000000000
10D6052D3FD98
1135DA0D66DBF
103B03D1AB204
0000000000000
0000000000000
0000000000000
0000000000000
0000000000000
0000000000000
0000000000000
0000000000000
0000000000000
0000000000000
0000000000000
104D0FF0AB104
0000000000000
106863C8FB954
0000000000000
0000000000000
1031016A04A5D
0000000000000
102602F9EEA47
1CF5ABCF19F72
0000000000000
0000000000000
0000000000000
0000000000000
0000000000000
0000000000000
10220339D9A32
0000000000000
105E04D0610BA
0000000000000
0000000000000
0000000000000
0000000000000
0000000000000
0000000000000
0000000000000
103B0E06996F2
0000000000000
165A067E3CE95
0000000000000
107D0A212217B
0000000000000
0000000000000
0000000000000
0000000000000
0000000000000
0000000000000
10370617D8831
0000000000000
118A4B2D83DDC
0000000000000
0000000000000
0000000000000
109B067407460
0000000000000
0000000000000
0000000000000
0000000000000
0000000000000
104D04F1491A2
0000000000000
0000000000000
0000000000000
16A1067B4BBA4
115F868AD3B2C
0000000000000
0000000000000
0000000000000
0000000000000
0000000000000
0000000000000
0000000000000
0000000000000
108F05F27C2D5
13254B59749CD
0000000000000
0000000000000
0000000000000
0000000000000
10271D137F3D8
0000000000000
0000000000000
0000000000000
0000000000000
13C632D97E9D7
10660BA8F8951
0000000000000
147304DE01E5A
0000000000000
0000000000000
0000000000000
0000000000000
169E0CDE4AEA3
1825021B63BBC
0000000000000
0000000000000
1170067D78DD1
0000000000000
0000000000000
0000000000000
0000000000000
0000000000000
0000000000000
10232CD2C7320
0000000000000
10B104192497D
0000000000000
0000000000000
0000000000000
0000000000000
0000000000000
0000000000000
0000000000000
11BF0C727E2D7
10D605F82487D
0000000000000
0000000000000
0000000000000
0000000000000
0000000000000
0000000000000
0000000000000
0000000000000
0000000000000
0000000000000
102602272377C
1204071D9BDF4
0000000000000
0000000000000
0000000000000
0000000000000
0000000000000
0000000000000
144FCA3DF9E52
103D0A0C5ACB3
0000000000000
0000000000000
0000000000000
0000000000000
13AC21E41246B
10260C5BF1C4A
0000000000000
0000000000000
0000000000000
0000000000000
0000000000000
0000000000000
0000000000000
12380B39589B1
1068503A7CAD5
103403FC38C91
0000000000000
0000000000000
12830C3230289
103B04A3843DD
11E00A25F9652
0000000000000
0000000000000
0000000000000
0000000000000
0000000000000
0000000000000
1230249228281
103004949F4F8
103F0467E283B
0000000000000
117004D2E233B
0000000000000
0000000000000
0000000000000
0000000000000
0000000000000
0000000000000
0000000000000
12F4231B03B5C
0000000000000
0000000000000
0000000000000
0000000000000
0000000000000
0000000000000
0000000000000
0000000000000
0000000000000
0000000000000
0000000000000
106321224E2A7
0000000000000
0000000000000
0000000000000
0000000000000
0000000000000
0000000000000
0000000000000
0000000000000
0000000000000
0000000000000
0000000000000
0000000000000
0000000000000
0000000000000
0000000000000
0000000000000
0000000000000
0000000000000
0000000000000
0000000000000
16E895EB4FBA8
0000000000000
0000000000000
0000000000000
0000000000000
0000000000000
0000000000000
0000000000000
0000000000000
104D04210615F
1AAE04EBA9C02
0000000000000
0000000000000
104D37EA56AAF
0000000000000
0000000000000
0000000000000
165A04DB46B9F
0000000000000
0000000000000
0000000000000
0000000000000
0000000000000
0000000000000
0000000000000
0000000000000
0000000000000
0000000000000
0000000000000
0000000000000
0000000000000
0000000000000
0000000000000
0000000000000
103404CC3AC93
0000000000000
0000000000000
0000000000000
0000000000000
0000000000000
0000000000000
11EE2A151556E
104A10AA49AA2
114F03E1B9212
0000000000000
153E04D60E667
0000000000000
0000000000000
0000000000000
0000000000000
0000000000000
0000000000000
0000000000000
0000000000000
0000000000000
11FF0A2AE7B40
0000000000000
0000000000000
0000000000000
0000000000000
0000000000000
10510722922EB
0000000000000
0000000000000
0000000000000
0000000000000
0000000000000
0000000000000
14F704DB30B89
11239A8AC8B21
0000000000000
19341999C4A1D
0000000000000
0000000000000
0000000000000
0000000000000
1753071E5DEB6
106305020125A
0000000000000
0000000000000
0000000000000
0000000000000
0000000000000
0000000000000
0000000000000
0000000000000
0000000000000
0000000000000
135821651B574
0000000000000
0000000000000
0000000000000
0000000000000
13503F33EC445
0000000000000
0000000000000
0000000000000
0000000000000
0000000000000
104D0C435C3B5
0000000000000
126006B309362
0000000000000
0000000000000
0000000000000
102E021127180
102E02E7CB824
1034774A11A6A
0000000000000
0000000000000
0000000000000
101F00ABCEC27
0000000000000
0000000000000
0000000000000
0000000000000
11EB0616E173A
0000000000000
0000000000000
0000000000000
10BF0715915EA
103281CA07A60
0000000000000
0000000000000
0000000000000
0000000000000
0000000000000
101701261566E
1091067918971
0000000000000
0000000000000
0000000000000
0000000000000
0000000000000
0000000000000
0000000000000
0000000000000
0000000000000
107F27FA90AE9
0000000000000
0000000000000
0000000000000
0000000000000
0000000000000
0000000000000
0000000000000
0000000000000
0000000000000
0000000000000
109110A2562AF
0000000000000
0000000000000
0000000000000
0000000000000
0000000000000
0000000000000
0000000000000
0000000000000
0000000000000
12CF04A28F2E8
13DC4193ED446
123A03F5545AD
0000000000000
0000000000000
0000000000000
0000000000000
117F043D7DDD6
1A35658B8FBE8
0000000000000
0000000000000
10150F571676F
12DF04E77D7D6
0000000000000
0000000000000
0000000000000
10D804D7637BC
0000000000000
0000000000000
108A0422482A1
0000000000000
0000000000000
0000000000000
0000000000000
0000000000000
0000000000000
0000000000000
0000000000000
0000000000000
0000000000000
0000000000000
0000000000000
0000000000000
0000000000000
0000000000000
0000000000000
0000000000000
0000000000000
0000000000000
109104D45F4B8
0000000000000
0000000000000
0000000000000
0000000000000
0000000000000
0000000000000
102A05968B6E4
0000000000000
0000000000000
0000000000000
112929EAC9B22
0000000000000
104609F62B684
10C5CDCD3DD96
0000000000000
0000000000000
0000000000000
0000000000000
0000000000000
0000000000000
0000000000000
0000000000000
1D22061F1EF77
0000000000000
0000000000000
13DB04DB15B6E
0000000000000
139502D37B3D4
0000000000000
0000000000000
0000000000000
0000000000000
0000000000000
0000000000000
0000000000000
0000000000000
0000000000000
0000000000000
0000000000000
0000000000000
14AE39BE11E6A
0000000000000
0000000000000
0000000000000
105C04502507E
0000000000000
0000000000000
0000000000000
0000000000000
0000000000000
10B104E92597E
10250358A7900
0000000000000
102D29F9FCA55
0000000000000
0000000000000
0000000000000
0000000000000
0000000000000
13B312B7817DA
0000000000000
0000000000000
0000000000000
0000000000000
0000000000000
0000000000000
0000000000000
134D04DDD4E2D
0000000000000
0000000000000
0000000000000
106A04E1CD226
0000000000000
0000000000000
10231941FD256
105C18BCD3D2C
10A49CCD26D7F
0000000000000
0000000000000
0000000000000
0000000000000
0000000000000
0000000000000
0000000000000
0000000000000
0000000000000
0000000000000
1040074A2AA83
0000000000000
0000000000000
104A04DC97CF0
0000000000000
0000000000000
0000000000000
0000000000000
0000000000000
0000000000000
0000000000000
0000000000000
0000000000000
0000000000000
102D1EF1BC215
105B268CD0D29
0000000000000
104707226E2C7
0000000000000
0000000000000
0000000000000
0000000000000
0000000000000
0000000000000
0000000000000
0000000000000
10511DF5875E0
0000000000000
0000000000000
0000000000000
0000000000000
0000000000000
1F43D97F3FF98
10240210AA103
0000000000000
0000000000000
0000000000000
0000000000000
0000000000000
0000000000000
0000000000000
0000000000000
0000000000000
10699A6CF2D4B
135F05F30C365
0000000000000
105D03F00B064
0000000000000
0000000000000
0000000000000
0000000000000
103C06B3BE417
0000000000000
0000000000000
1962568B81BDA
0000000000000
0000000000000
0000000000000
125BCB5DA9E02
0000000000000
0000000000000
0000000000000
1120972D5FDB8
0000000000000
0000000000000
0000000000000
0000000000000
16DE6F970A763
0000000000000
0000000000000
104005A2FF358
129B1419679C0
0000000000000
0000000000000
0000000000000
0000000000000
0000000000000
115C04D3753CE
105D04CCD4D2D
0000000000000
0000000000000
0000000000000
0000000000000
0000000000000
0000000000000
16D404D9A09F9
0000000000000
0000000000000
0000000000000
123C0615FE657
0000000000000
15611FE5685C1
106E071A81ADA
0000000000000
0000000000000
0000000000000
10630773E343C
0000000000000
0000000000000
10C00E71581B1
0000000000000
0000000000000
0000000000000
0000000000000
173B2E78848DD
0000000000000
0000000000000
134206D2FA353
0000000000000
105F06E4D652F
0000000000000
0000000000000
0000000000000
0000000000000
0000000000000
0000000000000
0000000000000
0000000000000
0000000000000
0000000000000
0000000000000
0000000000000
0000000000000
0000000000000
0000000000000
0000000000000
1A9F20DBA7C00
0000000000000
128B03F5575B0
0000000000000
0000000000000
104E049009062
103C11B7DB834
0000000000000
0000000000000
127503E6EA743
0000000000000
0000000000000
1476868E04E5D
0000000000000
0000000000000
12B8069DBEE17
0000000000000
10491DA539592
1BBE04DEDBF34
0000000000000
0000000000000
0000000000000
0000000000000
0000000000000
0000000000000
115C0675F564E
0000000000000
0000000000000
0000000000000
0000000000000
0000000000000
0000000000000
0000000000000
10F29F1ABAB13
0000000000000
0000000000000
0000000000000
0000000000000
16D670E87C8D5
0000000000000
12600DA40E467
1123259D61DBA
0000000000000
10440494784D1
0000000000000
0000000000000
0000000000000
0000000000000
0000000000000
0000000000000
11EB4AF9529AB
0000000000000
0000000000000
0000000000000
0000000000000
0000000000000
134610C77F7D8
148003BB24B7D
0000000000000
0000000000000
101A0147B9812
0000000000000
10592E92CD326
0000000000000
0000000000000
0000000000000
0000000000000
0000000000000
10230752DA333
0000000000000
0000000000000
0000000000000
0000000000000
0000000000000
0000000000000
0000000000000
0000000000000
0000000000000
0000000000000
0000000000000
103C05E73178A
0000000000000
0000000000000
0000000000000
0000000000000
1A3B04CB90BE9
0000000000000
0000000000000
0000000000000
0000000000000
178604AB56BAF
0000000000000
106004ECD9D32
0000000000000
0000000000000
14A6067E0FE68
0000000000000
0000000000000
0000000000000
101301641646F
0000000000000
0000000000000
0000000000000
1BAE3E7BB9C12
0000000000000
0000000000000
0000000000000
13B10FC3A23FB
0000000000000
0000000000000
106608620F268
0000000000000
0000000000000
0000000000000
0000000000000
0000000000000
148848E4974F0
0000000000000
0000000000000
1358061DD9E32
0000000000000
0000000000000
0000000000000
0000000000000
0000000000000
0000000000000
12240D43773D0
10301F119A1F3
0000000000000
10402437E9842
0000000000000
0000000000000
0000000000000
10602E7A72ACB
0000000000000
0000000000000
0000000000000
0000000000000
0000000000000
0000000000000
0000000000000
0000000000000
0000000000000
0000000000000
0000000000000
0000000000000
0000000000000
104F07A5D8631
0000000000000
0000000000000
0000000000000
0000000000000
105A1301601B9
105C0E7CD2D2B
0000000000000
0000000000000
120C0A26576B0
0000000000000
0000000000000
0000000000000
0000000000000
101401749A4F3
0000000000000
0000000000000
0000000000000
0000000000000
102303B8A48FD
18D8071B75BCE
0000000000000
0000000000000
118705B14C1A5
103205F0C7120
10B327EAA5AFE
0000000000000
0000000000000
178F29EE67EC0
0000000000000
0000000000000
0000000000000
0000000000000
0000000000000
0000000000000
0000000000000
144B652DF7E50
0000000000000
0000000000000
106322FCE5D3E
0000000000000
0000000000000
0000000000000
104807805D0B6
0000000000000
0000000000000
104E04D47E4D7
0000000000000
0000000000000
0000000000000
1585022B38B91
0000000000000
0000000000000
102A0300C9122
0000000000000
0000000000000
0000000000000
0000000000000
0000000000000
0000000000000
0000000000000
0000000000000
0000000000000
0000000000000
0000000000000
0000000000000
0000000000000
0000000000000
0000000000000
105905374D7A6
0000000000000
178F923E69EC2
0000000000000
0000000000000
0000000000000
0000000000000
0000000000000
0000000000000
10740B76C271B
0000000000000
1063046CE0D39
0000000000000
12041235FB654
0000000000000
0000000000000
0000000000000
0000000000000
0000000000000
0000000000000
0000000000000
0000000000000
103F0BF8D0929
10BB20A1C121A
106E03F1CE227
106A03B35E3B7
10410905CA623
103B0BBC4DCA6
10F905BD4FDA8
0000000000000
0000000000000
0000000000000
0000000000000
0000000000000
0000000000000
0000000000000
0000000000000
0000000000000
0000000000000
0000000000000
0000000000000
0000000000000
0000000000000
0000000000000
0000000000000
10622A5509562
123504DDA2DFB
0000000000000
0000000000000
0000000000000
0000000000000
0000000000000
0000000000000
152216D66C6C5
0000000000000
1476867E03E5C
0000000000000
103B0C82672C0
0000000000000
0000000000000
0000000000000
0000000000000
0000000000000
0000000000000
0000000000000
0000000000000
0000000000000
0000000000000
0000000000000
0000000000000
10622B2A73ACC
0000000000000
0000000000000
0000000000000
111904D1B520E
0000000000000
0000000000000
0000000000000
0000000000000
0000000000000
0000000000000
0000000000000
10220BE44B4A4
0000000000000
0000000000000
0000000000000
0000000000000
0000000000000
0000000000000
0000000000000
0000000000000
0000000000000
0000000000000
0000000000000
0000000000000
0000000000000
0000000000000
0000000000000
0000000000000
0000000000000
0000000000000
0000000000000
0000000000000
0000000000000
12350675FD656
0000000000000
0000000000000
0000000000000
164B3DD6726CB
0000000000000
15A109956D5C6
0000000000000
13C1CDBDE7E40
0000000000000
0000000000000
0000000000000
0000000000000
0000000000000
0000000000000
0000000000000
10170159D1A2A
0000000000000
0000000000000
0000000000000
10B31F5D32D8B
0000000000000
0000000000000
0000000000000
103D437A22A7B
0000000000000
107709B63D696
12BF0222B7310
0000000000000
0000000000000
1AF7067BAEC07
0000000000000
0000000000000
0000000000000
0000000000000
0000000000000
0000000000000
0000000000000
0000000000000
10400493573B0
0000000000000
0000000000000
104109D1E7240
0000000000000
0000000000000
0000000000000
0000000000000
0000000000000
0000000000000
0000000000000
107A45ED09D62
0000000000000
0000000000000
0000000000000
0000000000000
0000000000000
0000000000000
0000000000000
0000000000000
0000000000000
0000000000000
102E25168E6E7
10420BD73D796
0000000000000
0000000000000
0000000000000
0000000000000
0000000000000
0000000000000
0000000000000
0000000000000
104E0672472A0
104C096CA2CFB
190604DE90EE9
0000000000000
0000000000000
10EA0F409E0F7
0000000000000
0000000000000
0000000000000
0000000000000
0000000000000
0000000000000
10DC0C97647BD
0000000000000
10341836956EE
0000000000000
12C8071AFFB58
0000000000000
0000000000000
0000000000000
0000000000000
0000000000000
0000000000000
0000000000000
0000000000000
0000000000000
104C06F03308C
0000000000000
0000000000000
0000000000000
0000000000000
0000000000000
0000000000000
0000000000000
0000000000000
0000000000000
0000000000000
0000000000000
1A68047B9EBF7
0000000000000
15BC04D8768CF
103D1DF2852DE
0000000000000
0000000000000
0000000000000
102E0688B590E
0000000000000
0000000000000
0000000000000
0000000000000
0000000000000
0000000000000
0000000000000
0000000000000
0000000000000
0000000000000
0000000000000
0000000000000
0000000000000
0000000000000
0000000000000
0000000000000
0000000000000
0000000000000
0000000000000
1A33729EABF04
0000000000000
0000000000000
0000000000000
0000000000000
1CB405BF0BF64
0000000000000
0000000000000
0000000000000
0000000000000
0000000000000
0000000000000
0000000000000
0000000000000
107A07290B964
0000000000000
0000000000000
0000000000000
0000000000000
0000000000000
0000000000000
0000000000000
0000000000000
103307261E677
0000000000000
0000000000000
0000000000000
0000000000000
11300865F364C
0000000000000
0000000000000
102A2E3619672
104E0746B570E
0000000000000
0000000000000
0000000000000
10404BE62367C
10C8067AAEB07
10BF03F0B7110
0000000000000
104306105E0B7
10F21303C9422
0000000000000
0000000000000
122B04D9579B0
0000000000000
0000000000000
0000000000000
0000000000000
0000000000000
0000000000000
0000000000000
0000000000000
0000000000000
0000000000000
0000000000000
0000000000000
0000000000000
11740406536AC
0000000000000
0000000000000
0000000000000
0000000000000
0000000000000
0000000000000
0000000000000
0000000000000
0000000000000
0000000000000
0000000000000
0000000000000
0000000000000
104D08F1661BF
143B2F94C151A
106A048A7FAD8
0000000000000
0000000000000
0000000000000
0000000000000
0000000000000
10AC0860CC125
104720DA3EA97
0000000000000
0000000000000
107307DCFDD56
0000000000000
0000000000000
10EF04E1B420D
0000000000000
0000000000000
0000000000000
10400C51BE217
198D268B84BDD
0000000000000
1BAD1F5ED9F32
0000000000000
0000000000000
0000000000000
0000000000000
0000000000000
1345B3BB0BB64
0000000000000
0000000000000
0000000000000
0000000000000
0000000000000
10430470830DC
104B04F0CA123
10660B32F234B
0000000000000
10AB123A9CAF5
0000000000000
0000000000000
115604D5955EE
122B06784189A
0000000000000
0000000000000
0000000000000
1063053CE1D3A
0000000000000
0000000000000
104A0490FC155
0000000000000
0000000000000
0000000000000
0000000000000
127F0C7600659
10390D00940ED
0000000000000
0000000000000
0000000000000
0000000000000
0000000000000
0000000000000
0000000000000
0000000000000
0000000000000
0000000000000
0000000000000
0000000000000
0000000000000
103B04C00305C
104305412117A
10220358A08F9
0000000000000
0000000000000
0000000000000
0000000000000
1DA9067F2EF87
15B204DE31E8A
159608698E9E7
0000000000000
104237062667F
0000000000000
0000000000000
0000000000000
1051227CBBD14
0000000000000
0000000000000
0000000000000
179A8A09ABA04
0000000000000
0000000000000
0000000000000
0000000000000
0000000000000
0000000000000
0000000000000
16F61B47A9802
0000000000000
0000000000000
0000000000000
0000000000000
0000000000000
0000000000000
0000000000000
0000000000000
0000000000000
0000000000000
0000000000000
103F4917E483D
0000000000000
14F9089E22E7B
0000000000000
0000000000000
103C05FC54CAD
0000000000000
0000000000000
0000000000000
1AABD0CEC3F1C
0000000000000
0000000000000
0000000000000
0000000000000
0000000000000
0000000000000
0000000000000
0000000000000
0000000000000
1828059B65BBE
0000000000000
14DA0696FA753
0000000000000
0000000000000
0000000000000
0000000000000
0000000000000
0000000000000
0000000000000
0000000000000
0000000000000
0000000000000
0000000000000
0000000000000
0000000000000
0000000000000
0000000000000
102102252C585
10410428D392C
15EF10A70175A
0000000000000
0000000000000
0000000000000
0000000000000
0000000000000
103705CC44C9D
1C9123AF00F59
0000000000000
10663182CF328
0000000000000
0000000000000
0000000000000
113807A19F1F8
0000000000000
0000000000000
11220F70D512E
0000000000000
0000000000000
10511D98E8941
0000000000000
102120B9D6A2F
0000000000000
0000000000000
0000000000000
0000000000000
0000000000000
0000000000000
0000000000000
0000000000000
0000000000000
0000000000000
0000000000000
10250332742CD
0000000000000
0000000000000
0000000000000
0000000000000
0000000000000
0000000000000
0000000000000
0000000000000
16750BA9979F0
0000000000000
0000000000000
0000000000000
17870D4B57BB0
0000000000000
1042237C7DCD6
0000000000000
0000000000000
0000000000000
0000000000000
0000000000000
0000000000000
0000000000000
0000000000000
0000000000000
0000000000000
0000000000000
0000000000000
0000000000000
0000000000000
0000000000000
105A03FA66ABF
0000000000000
12BD0DA34B3A4
0000000000000
0000000000000
0000000000000
0000000000000
0000000000000
0000000000000
0000000000000
0000000000000
0000000000000
0000000000000
1123481D62DBB
0000000000000
1A64D40EB8F11
141E2EB8608B9
0000000000000
0000000000000
0000000000000
0000000000000
0000000000000
0000000000000
0000000000000
0000000000000
0000000000000
0000000000000
0000000000000
0000000000000
0000000000000
0000000000000
0000000000000
0000000000000
0000000000000
0000000000000
0000000000000
0000000000000
167D067E41E9A
0000000000000
0000000000000
0000000000000
0000000000000
0000000000000
0000000000000
0000000000000
0000000000000
10422515CD626
0000000000000
103E06B1931EC
1406833DEFE48
111B06C51256B
0000000000000
0000000000000
10A468ED24D7D
0000000000000
0000000000000
0000000000000
104104F02607F
102102F4C551E
102207D67F6D8
0000000000000
105B12926A2C3
104823AA43A9C
0000000000000
0000000000000
14555E36646BD
0000000000000
0000000000000
0000000000000
104413E1731CC
0000000000000
0000000000000
0000000000000
1037B49C46C9F
0000000000000
14DC1FCB2EB87
0000000000000
0000000000000
0000000000000
102D069C10C69
0000000000000
0000000000000
0000000000000
0000000000000
0000000000000
0000000000000
0000000000000
0000000000000
0000000000000
110C0425945ED
10265996856DE
14DA50578F7E8
11526936DA733
14C003F86A8C3
182E960B66BBF
16716856736CC
1737AD6E5BEB4
0000000000000
0000000000000
0000000000000
104F0462ED346
0000000000000
0000000000000
0000000000000
1CCA067F12F6B
0000000000000
0000000000000
100A00A6766CF
0000000000000
102702513618F
0000000000000
0000000000000
0000000000000
0000000000000
0000000000000
0000000000000
0000000000000
10298239F9A52
0000000000000
1028024BF8C51
0000000000000
0000000000000
0000000000000
0000000000000
0000000000000
0000000000000
0000000000000
0000000000000
103E11B69F6F8
0000000000000
10403E74564AF
18192C1E79ED2
0000000000000
0000000000000
110206921E277
0000000000000
0000000000000
0000000000000
0000000000000
0000000000000
0000000000000
0000000000000
0000000000000
0000000000000
103704233F398
0000000000000
0000000000000
0000000000000
104605F227280
121B0712512AA
168C07799C9F5
11720DE1521AB
1033359A0DA66
0000000000000
0000000000000
0000000000000
0000000000000
102207002207B
0000000000000
0000000000000
0000000000000
0000000000000
0000000000000
0000000000000
0000000000000
0000000000000
0000000000000
10FB1C71C221B
0000000000000
14C80D65A65FF
0000000000000
0000000000000
102D05C29C2F5
0000000000000
0000000000000
0000000000000
0000000000000
126F069DB1E0A
0000000000000
0000000000000
0000000000000
0000000000000
0000000000000
0000000000000
11D004D3CE427
10360D84734CC
0000000000000
0000000000000
0000000000000
0000000000000
0000000000000
0000000000000
0000000000000
0000000000000
1A961D1BA5BFE
0000000000000
102E0277CA823
0000000000000
0000000000000
0000000000000
104618B62C685
103D2C3C5CCB5
0000000000000
10760D6A87AE0
1040091C70CC9
104D18DCAAD03
0000000000000
0000000000000
0000000000000
0000000000000
0000000000000
0000000000000
0000000000000
0000000000000
0000000000000
0000000000000
0000000000000
0000000000000
0000000000000
0000000000000
0000000000000
0000000000000
0000000000000
0000000000000
16F78528818DA
10AC0BA130189
1024532BE9C42
0000000000000
0000000000000
0000000000000
0000000000000
102605A6846DD
0000000000000
0000000000000
112202DAC7B20
122F640D9FDF8
0000000000000
0000000000000
0000000000000
0000000000000
118A2FFD82DDB
16BD268E4EEA7
0000000000000
104106917C1D5
0000000000000
106D06743348C
0000000000000
0000000000000
0000000000000
0000000000000
0000000000000
0000000000000
169B45A709762
0000000000000
138806BB10B69
0000000000000
0000000000000
0000000000000
0000000000000
0000000000000
0000000000000
0000000000000
0000000000000
104F0531851DE
134506844449D
0000000000000
0000000000000
10330B33833DC
0000000000000
147807A52357C
0000000000000
0000000000000
0000000000000
0000000000000
0000000000000
0000000000000
0000000000000
0000000000000
0000000000000
0000000000000
114B0D615D1B6
0000000000000
12B6069AFBB54
103D0CDC5BCB4
0000000000000
0000000000000
0000000000000
0000000000000
0000000000000
0000000000000
0000000000000
0000000000000
0000000000000
1599B43E2DE86
0000000000000
0000000000000
0000000000000
0000000000000
0000000000000
177F61F7AF808
0000000000000
0000000000000
0000000000000
0000000000000
0000000000000
0000000000000
0000000000000
103C0B44CA523
0000000000000
0000000000000
11FB2001A8201
11290C56D9732
0000000000000
0000000000000
0000000000000
0000000000000
0000000000000
0000000000000
0000000000000
1673067B47BA0
103D73873478D
0000000000000
10CA4AD5495A2
0000000000000
0000000000000
0000000000000
0000000000000
1859405E89EE2
0000000000000
0000000000000
0000000000000
0000000000000
118A4DB7737CC
1033711C36C8F
0000000000000
0000000000000
0000000000000
0000000000000
104C03B0C211B
0000000000000
10240BD110169
10A403D1CF228
10B404D927980
0000000000000
0000000000000
12AC1A284C8A5
0000000000000
158B0BB56A5C3
0000000000000
104C0DE2A12FA
129C03F29A2F3
0000000000000
0000000000000
0000000000000
0000000000000
0000000000000
0000000000000
102E03472B784
10130186776D0
0000000000000
0000000000000
1038826C4ACA3
0000000000000
0000000000000
10540C5CC4D1D
0000000000000
0000000000000
0000000000000
0000000000000
0000000000000
0000000000000
1030978A03A5C
0000000000000
16FB0719A69FF
13E233985D8B6
0000000000000
0000000000000
0000000000000
0000000000000
0000000000000
0000000000000
14E049266A6C3
0000000000000
0000000000000
0000000000000
10740424AE507
0000000000000
0000000000000
0000000000000
0000000000000
0000000000000
0000000000000
0000000000000
104707947A4D3
103F0503FC455
105005F4594B2
102D9539FDA56
0000000000000
172005370E767
0000000000000
0000000000000
0000000000000
0000000000000
0000000000000
0000000000000
10230896816DA
0000000000000
0000000000000
0000000000000
0000000000000
0000000000000
12170672652BE
0000000000000
0000000000000
0000000000000
0000000000000
0000000000000
12BD06B4BC515
12B829FAFCB55
0000000000000
0000000000000
0000000000000
0000000000000
0000000000000
0000000000000
0000000000000
0000000000000
0000000000000
0000000000000
102106331E377
0000000000000
0000000000000
10492BC7FC855
114B04D23E297
0000000000000
106A1A227A2D3
11670DE6DD736
1D3FEA6F24F7D
10590E20FE157
0000000000000
0000000000000
0000000000000
0000000000000
0000000000000
0000000000000
0000000000000
0000000000000
10FB36F938991
0000000000000
0000000000000
0000000000000
0000000000000
0000000000000
0000000000000
0000000000000
0000000000000
104208FC7BCD4
104E4F07497A2
102526A9EAA43
0000000000000
0000000000000
1D53071F26F7F
0000000000000
1C8C068EFDF56
143C5098628BB
0000000000000
0000000000000
0000000000000
0000000000000
0000000000000
0000000000000
10A46C8A9AAF3
0000000000000
0000000000000
102305C71F778
0000000000000
1D06067F1BF74
0000000000000
0000000000000
103B0CF5C161A
0000000000000
0000000000000
0000000000000
0000000000000
12A516C5585B1
0000000000000
0000000000000
0000000000000
0000000000000
0000000000000
0000000000000
10377978C191A
0000000000000
103F03D03208B
0000000000000
0000000000000
0000000000000
0000000000000
0000000000000
0000000000000
0000000000000
0000000000000
0000000000000
0000000000000
0000000000000
0000000000000
0000000000000
0000000000000
0000000000000
10AD09F0550AE
0000000000000
0000000000000
0000000000000
0000000000000
103B0DCA17A70
0000000000000
0000000000000
0000000000000
0000000000000
0000000000000
10431AEA32A8B
0000000000000
0000000000000
0000000000000
0000000000000
0000000000000
0000000000000
10DD0592F434D
0000000000000
0000000000000
0000000000000
0000000000000
0000000000000
0000000000000
0000000000000
0000000000000
0000000000000
0000000000000
103F0E07E383C
0000000000000
0000000000000
0000000000000
0000000000000
0000000000000
0000000000000
0000000000000
0000000000000
0000000000000
0000000000000
0000000000000
0000000000000
104C1F02692C2
11930AF28D2E6
0000000000000
0000000000000
0000000000000
0000000000000
0000000000000
0000000000000
0000000000000
10302A58B9912
0000000000000
117F0C86DE737
0000000000000
10B83E182287B
117503F14F1A8
0000000000000
0000000000000
0000000000000
0000000000000
0000000000000
125D04D3783D1
0000000000000
0000000000000
0000000000000
0000000000000
0000000000000
0000000000000
0000000000000
0000000000000
0000000000000
0000000000000
0000000000000
0000000000000
0000000000000
0000000000000
0000000000000
0000000000000
0000000000000
0000000000000
0000000000000
0000000000000
0000000000000
12EB04D77E7D7
0000000000000
106A0422E133A
0000000000000
103F8157E583E
0000000000000
0000000000000
0000000000000
0000000000000
11580C712317C
10F206D7677C0
0000000000000
0000000000000
0000000000000
0000000000000
0000000000000
0000000000000
0000000000000
119402C51456D
0000000000000
103D0E7A1EA77
11EB6C0AE5B3E
0000000000000
0000000000000
125E0406E7740
0000000000000
0000000000000
0000000000000
0000000000000
0000000000000
127D0598498A2
0000000000000
0000000000000
0000000000000
0000000000000
0000000000000
0000000000000
0000000000000
0000000000000
112035DD5EDB7
0000000000000
0000000000000
0000000000000
10230420970F0
10140F544A4A3
10980DB0840DD
14742D5608661
0000000000000
0000000000000
0000000000000
0000000000000
0000000000000
0000000000000
13731D88588B1
0000000000000
0000000000000
0000000000000
0000000000000
0000000000000
0000000000000
0000000000000
0000000000000
0000000000000
103F04A1D222B
105903FCC6D1F
0000000000000
0000000000000
0000000000000
0000000000000
0000000000000
0000000000000
103B046008061
0000000000000
0000000000000
0000000000000
0000000000000
0000000000000
1040743A2CA85
0000000000000
0000000000000
0000000000000
0000000000000
1C96DEEF03F5C
0000000000000
0000000000000
0000000000000
0000000000000
104304E01206B
0000000000000
0000000000000
0000000000000
0000000000000
0000000000000
0000000000000
127D3192C431D
104020450355C
0000000000000
0000000000000
103B053019072
117E06794A9A3
0000000000000
10A00BB13318C
0000000000000
0000000000000
0000000000000
0000000000000
0000000000000
0000000000000
0000000000000
104904A0AF108
0000000000000
0000000000000
10B36C582187A
0000000000000
0000000000000
101B01267B6D4
0000000000000
102204946E4C7
106303F34239B
104C0903893E2
104112C538591
13C2CADDE9E42
0000000000000
0000000000000
1911073E93EEC
0000000000000
0000000000000
0000000000000
0000000000000
11F20652642BD
0000000000000
0000000000000
0000000000000
0000000000000
0000000000000
0000000000000
129103F24129A
0000000000000
0000000000000
10482A93593B2
108A26B54659F
105C07FCD1D2A
0000000000000
0000000000000
0000000000000
0000000000000
0000000000000
0000000000000
0000000000000
0000000000000
0000000000000
0000000000000
16306AE6706C9
0000000000000
0000000000000
0000000000000
0000000000000
0000000000000
0000000000000
0000000000000
14D69B0E1BE74
0000000000000
0000000000000
0000000000000
0000000000000
0000000000000
0000000000000
0000000000000
0000000000000
0000000000000
0000000000000
0000000000000
0000000000000
0000000000000
0000000000000
0000000000000
0000000000000
0000000000000
0000000000000
0000000000000
0000000000000
120C06722F288
103E3E2C64CBD
13411EC2F9352
0000000000000
111103E6D8731
14F7D18E1FE78
0000000000000
1033051A0AA63
0000000000000
0000000000000
102307646F4C8
0000000000000
0000000000000
0000000000000
104DB14CAFD08
0000000000000
0000000000000
0000000000000
0000000000000
0000000000000
10344AB4FD556
10300401A21FB
106C04DA80AD9
0000000000000
1027144137190
0000000000000
0000000000000
103D06BC59CB2
1035A32A12A6B
1B2B053BB4C0D
0000000000000
0000000000000
0000000000000
0000000000000
0000000000000
0000000000000
0000000000000
0000000000000
0000000000000
0000000000000
0000000000000
0000000000000
0000000000000
104E1E84584B1
0000000000000
0000000000000
0000000000000
0000000000000
15280B360C665
0000000000000
0000000000000
0000000000000
0000000000000
0000000000000
0000000000000
0000000000000
103D05E0F614F
0000000000000
0000000000000
0000000000000
0000000000000
0000000000000
10490E016C1C5
0000000000000
0000000000000
0000000000000
10F07DD827880
15014FF5A9602
0000000000000
0000000000000
104C09D3703C9
0000000000000
0000000000000
0000000000000
17D40619B0A09
0000000000000
12F70602C631F
0000000000000
0000000000000
0000000000000
0000000000000
104E0A2807860
0000000000000
0000000000000
10460796AB704
0000000000000
0000000000000
0000000000000
0000000000000
0000000000000
10639E6CE9D42
0000000000000
0000000000000
0000000000000
0000000000000
0000000000000
0000000000000
102325F21426D
0000000000000
0000000000000
0000000000000
0000000000000
11830B240B464
10400B1738791
0000000000000
0000000000000
0000000000000
0000000000000
105D06A2932EC
0000000000000
0000000000000
0000000000000
10C209964669F
0000000000000
0000000000000
0000000000000
14162A93F144A
0000000000000
0000000000000
13B50473BA413
0000000000000
0000000000000
0000000000000
11A2A94D8BDE4
0000000000000
0000000000000
0000000000000
113704D64E6A7
0000000000000
125A506517570
0000000000000
10370890500A9
0000000000000
0000000000000
0000000000000
0000000000000
0000000000000
0000000000000
0000000000000
0000000000000
1C562C1EEBF44
0000000000000
0000000000000
1012018BC0C19
0000000000000
0000000000000
104325E36F3C8
0000000000000
0000000000000
0000000000000
105A8DBA69AC2
0000000000000
0000000000000
0000000000000
104C32942A483
0000000000000
0000000000000
10E629EAB7B10
0000000000000
0000000000000
0000000000000
0000000000000
0000000000000
19B9967B87BE0
1A34B1BEACF05
0000000000000
109B60A64169A
0000000000000
0000000000000
0000000000000
0000000000000
0000000000000
0000000000000
0000000000000
0000000000000
0000000000000
0000000000000
0000000000000
0000000000000
0000000000000
0000000000000
0000000000000
0000000000000
0000000000000
0000000000000
0000000000000
0000000000000
0000000000000
0000000000000
0000000000000
0000000000000
0000000000000
0000000000000
0000000000000
0000000000000
0000000000000
0000000000000
0000000000000
0000000000000
0000000000000
0000000000000
0000000000000
10F06C5AB9B12
0000000000000
104A07D2CA323
0000000000000
0000000000000
1063109A76ACF
0000000000000
129305F39D3F6
0000000000000
0000000000000
0000000000000
16BF40FB4DBA6
16383396716CA
0000000000000
0000000000000
0000000000000
106306638B3E4
106F56AA82ADB
10B40A2D35D8E
106605E8F694F
0000000000000
10C435E3913EA
11E503FAE3B3C
0000000000000
0000000000000
0000000000000
0000000000000
0000000000000
0000000000000
0000000000000
0000000000000
0000000000000
0000000000000
0000000000000
0000000000000
0000000000000
0000000000000
0000000000000
0000000000000
0000000000000
0000000000000
0000000000000
11C60592712CA
0000000000000
103B07A1721CB
0000000000000
0000000000000
0000000000000
0000000000000
0000000000000
0000000000000
0000000000000
0000000000000
0000000000000
103E2753FA453
0000000000000
0000000000000
0000000000000
0000000000000
0000000000000
0000000000000
0000000000000
10AC05FD2DD86
10AB22F92297B
0000000000000
102E3282FE357
0000000000000
0000000000000
0000000000000
0000000000000
1063598A78AD1
0000000000000
0000000000000
0000000000000
0000000000000
0000000000000
0000000000000
0000000000000
0000000000000
0000000000000
109E05B91D976
0000000000000
0000000000000
0000000000000
0000000000000
0000000000000
0000000000000
0000000000000
0000000000000
1027039BF3C4C
0000000000000
0000000000000
0000000000000
0000000000000
104A2595D262B
0000000000000
103D12850255B
0000000000000
0000000000000
0000000000000
0000000000000
10F005A0F9152
0000000000000
0000000000000
0000000000000
0000000000000
0000000000000
100C01C529582
0000000000000
0000000000000
0000000000000
0000000000000
0000000000000
103D1CB7DE837
0000000000000
0000000000000
0000000000000
0000000000000
0000000000000
0000000000000
0000000000000
0000000000000
0000000000000
0000000000000
0000000000000
1822D20E7CED5
0000000000000
0000000000000
0000000000000
0000000000000
11F25E59539AC
0000000000000
0000000000000
0000000000000
0000000000000
13D80B43A33FC
0000000000000
0000000000000
0000000000000
0000000000000
0000000000000
0000000000000
0000000000000
11830777717CA
0000000000000
0000000000000
0000000000000
0000000000000
110D1040B610F
0000000000000
109A5F191B974
0000000000000
101801567A6D3
0000000000000
0000000000000
0000000000000
0000000000000
11B43D643E497
0000000000000
0000000000000
0000000000000
0000000000000
0000000000000
0000000000000
0000000000000
104D44780685F
0000000000000
105113DA65ABE
0000000000000
0000000000000
0000000000000
0000000000000
0000000000000
0000000000000
0000000000000
0000000000000
104D06821226B
0000000000000
14D60514F0549
0000000000000
0000000000000
104503F0880E1
10E604D6496A2
0000000000000
0000000000000
0000000000000
0000000000000
0000000000000
15DD06CB3CB95
115F0BD76D7C6
0000000000000
0000000000000
0000000000000
1C2C06AEE3F3C
0000000000000
128E3E639C3F5
11981211C7220
117404D9489A1
0000000000000
0000000000000
0000000000000
0000000000000
0000000000000
0000000000000
0000000000000
0000000000000
0000000000000
0000000000000
0000000000000
0000000000000
0000000000000
104603E07B0D4
104A06332637F
0000000000000
0000000000000
0000000000000
0000000000000
0000000000000
0000000000000
0000000000000
0000000000000
0000000000000
0000000000000
0000000000000
0000000000000
11201460F114A
126A48C44149A
0000000000000
0000000000000
0000000000000
0000000000000
0000000000000
0000000000000
0000000000000
0000000000000
0000000000000
0000000000000
0000000000000
0000000000000
0000000000000
16EA1AF7A7800
0000000000000
0000000000000
0000000000000
0000000000000
0000000000000
10331D81F624F
0000000000000
0000000000000
0000000000000
0000000000000
10482686B170A
0000000000000
0000000000000
0000000000000
0000000000000
10B3706D33D8C
0000000000000
0000000000000
0000000000000
0000000000000
0000000000000
0000000000000
0000000000000
0000000000000
0000000000000
0000000000000
0000000000000
0000000000000
185A088E8AEE3
0000000000000
0000000000000
14F7652E1EE77
0000000000000
10230C4BE2C3B
0000000000000
123603F28E2E7
1041048C77CD0
0000000000000
142605A520579
0000000000000
0000000000000
0000000000000
0000000000000
0000000000000
104304103D096
0000000000000
0000000000000
0000000000000
0000000000000
11EB07C83C895
0000000000000
0000000000000
0000000000000
0000000000000
0000000000000
104007D24F2A8
0000000000000
0000000000000
0000000000000
0000000000000
113F14D0F514E
0000000000000
0000000000000
0000000000000
0000000000000
125C5DB59B5F4
0000000000000
0000000000000
0000000000000
0000000000000
0000000000000
0000000000000
0000000000000
0000000000000
0000000000000
0000000000000
0000000000000
0000000000000
0000000000000
0000000000000
0000000000000
0000000000000
0000000000000
0000000000000
0000000000000
117562E5F7650
0000000000000
0000000000000
0000000000000
0000000000000
0000000000000
0000000000000
130905B31D376
0000000000000
0000000000000
10448A1C87CE0
104D05B2AF308
0000000000000
0000000000000
0000000000000
105B0C10ED146
0000000000000
0000000000000
0000000000000
11C7199838891
0000000000000
0000000000000
0000000000000
0000000000000
0000000000000
0000000000000
0000000000000
0000000000000
0000000000000
0000000000000
0000000000000
0000000000000
102B030C03C5C
0000000000000
0000000000000
0000000000000
0000000000000
0000000000000
0000000000000
0000000000000
104D04E02107A
104F04C03608F
10420614574B0
0000000000000
0000000000000
0000000000000
0000000000000
0000000000000
0000000000000
0000000000000
0000000000000
0000000000000
0000000000000
0000000000000
10690B88FC955
0000000000000
0000000000000
0000000000000
1A0B0DEB8CBE5
0000000000000
0000000000000
0000000000000
17998608878E0
0000000000000
102155A5775D0
0000000000000
0000000000000
102B6058B0909
0000000000000
0000000000000
0000000000000
0000000000000
0000000000000
0000000000000
0000000000000
0000000000000
0000000000000
0000000000000
0000000000000
0000000000000
0000000000000
0000000000000
0000000000000
0000000000000
0000000000000
0000000000000
10DC04D34539E
0000000000000
0000000000000
0000000000000
0000000000000
0000000000000
0000000000000
1264D2CDABE04
0000000000000
0000000000000
0000000000000
103E0720DE137
0000000000000
0000000000000
103504A0D9132
109A0A581D876
0000000000000
0000000000000
0000000000000
0000000000000
0000000000000
0000000000000
163F7D879A7F3
0000000000000
0000000000000
104D23774679F
0000000000000
14150093D7430
0000000000000
0000000000000
0000000000000
1063123CE3D3C
0000000000000
0000000000000
0000000000000
124C0E8DA4DFD
115F22AAD1B2A
104A50C6B270B
136C15B41146A
106405343148A
1086071D13D6C
11D74BDD93DEC
0000000000000
0000000000000
0000000000000
0000000000000
0000000000000
104F03F31136A
118A07A3643BD
13390498518AA
104C04F12A183
0000000000000
0000000000000
0000000000000
0000000000000
109F0674604B9
0000000000000
0000000000000
167C6976756CE
104620D6AC705
0000000000000
0000000000000
0000000000000
14E00E086E8C7
0000000000000
0000000000000
0000000000000
0000000000000
0000000000000
0000000000000
0000000000000
0000000000000
0000000000000
0000000000000
0000000000000
0000000000000
0000000000000
0000000000000
1C2F070EE4F3D
103E96EC67CC0
0000000000000
0000000000000
0000000000000
0000000000000
0000000000000
0000000000000
0000000000000
0000000000000
0000000000000
0000000000000
0000000000000
0000000000000
0000000000000
0000000000000
0000000000000
0000000000000
0000000000000
0000000000000
0000000000000
0000000000000
0000000000000
0000000000000
0000000000000
0000000000000
103304A72C785
0000000000000
0000000000000
1A3F033EB1F0A
0000000000000
0000000000000
0000000000000
0000000000000
0000000000000
0000000000000
0000000000000
0000000000000
0000000000000
0000000000000
0000000000000
0000000000000
17B725EB5EBB7
104505FC89CE2
0000000000000
0000000000000
0000000000000
102307D7BF818
0000000000000
12AC0ECAFAB53
0000000000000
0000000000000
10210F25765CF
0000000000000
19370A2E9AEF3
0000000000000
0000000000000
0000000000000
0000000000000
0000000000000
0000000000000
0000000000000
106B0D690295B
0000000000000
0000000000000
0000000000000
104E08F5D7630
0000000000000
0000000000000
103E06A42247B
0000000000000
0000000000000
0000000000000
10490510640BD
0000000000000
0000000000000
0000000000000
0000000000000
0000000000000
0000000000000
0000000000000
0000000000000
0000000000000
0000000000000
0000000000000
0000000000000
0000000000000
1257071DA6DFF
0000000000000
0000000000000
10631FA28B2E4
0000000000000
0000000000000
0000000000000
0000000000000
0000000000000
0000000000000
0000000000000
0000000000000
0000000000000
0000000000000
0000000000000
0000000000000
0000000000000
0000000000000
0000000000000
0000000000000
0000000000000
0000000000000
103410829D2F6
10590B430335C
0000000000000
0000000000000
0000000000000
0000000000000
0000000000000
10AC03F2F334C
102D04924229B
0000000000000
0000000000000
14BD10AE13E6C
0000000000000
14480719819DA
0000000000000
0000000000000
12D605A96E9C7
0000000000000
0000000000000
0000000000000
0000000000000
0000000000000
0000000000000
0000000000000
0000000000000
0000000000000
0000000000000
0000000000000
0000000000000
115203B107160
117404E3CD426
103C30669D6F6
0000000000000
0000000000000
0000000000000
0000000000000
0000000000000
0000000000000
0000000000000
0000000000000
105A03E20C265
10460530B110A
108B08F38F3E8
0000000000000
10537DB80C865
1051059CB9D12
104C946CA5CFE
0000000000000
0000000000000
10740497557AE
102104F71C775
0000000000000
0000000000000
0000000000000
0000000000000
0000000000000
0000000000000
0000000000000
0000000000000
0000000000000
0000000000000
0000000000000
0000000000000
0000000000000
0000000000000
0000000000000
0000000000000
0000000000000
0000000000000
0000000000000
0000000000000
0000000000000
0000000000000
0000000000000
0000000000000
0000000000000
10252CD8A9902
106A11320625F
1CD505FF13F6C
0000000000000
0000000000000
0000000000000
0000000000000
0000000000000
1E09099F33F8C
0000000000000
0000000000000
0000000000000
0000000000000
0000000000000
0000000000000
0000000000000
0000000000000
0000000000000
0000000000000
0000000000000
13A10FD4EB544
122703B5FC655
0000000000000
0000000000000
10230632E8341
10250349E6A3F
0000000000000
109E04D06A0C3
0000000000000
0000000000000
1A45AE3B94BED
135A04D8568AF
0000000000000
0000000000000
0000000000000
0000000000000
0000000000000
17C0E9DE74ECD
0000000000000
10414BE73C795
0000000000000
0000000000000
0000000000000
0000000000000
0000000000000
0000000000000
0000000000000
0000000000000
101666EBC5C1E
103E0775C561E
0000000000000
0000000000000
0000000000000
0000000000000
0000000000000
0000000000000
0000000000000
103006121526E
0000000000000
123E04D6E673F
0000000000000
10691DC8FD956
0000000000000
0000000000000
0000000000000
0000000000000
0000000000000
102213949C4F5
0000000000000
104C0B1800859
0000000000000
0000000000000
0000000000000
0000000000000
11232513473A0
0000000000000
0000000000000
1021784BD5C2E
0000000000000
0000000000000
0000000000000
0000000000000
0000000000000
0000000000000
0000000000000
0000000000000
107340DA85ADE
0000000000000
0000000000000
0000000000000
0000000000000
0000000000000
0000000000000
0000000000000
126F04959C5F5
0000000000000
0000000000000
0000000000000
104D06763368C
0000000000000
0000000000000
0000000000000
104A0C44D152A
0000000000000
0000000000000
0000000000000
0000000000000
0000000000000
0000000000000
0000000000000
0000000000000
0000000000000
0000000000000
0000000000000
0000000000000
0000000000000
0000000000000
106116CCDBD34
0000000000000
14B405B78E7E7
104604602307C
146C42C52257B
102E2CC9FEA57
102D02FC0EC67
0000000000000
0000000000000
0000000000000
104D05A47C4D5
0000000000000
1C38021EE7F40
0000000000000
0000000000000
0000000000000
109E5036CC725
0000000000000
0000000000000
0000000000000
0000000000000
0000000000000
0000000000000
119304732F388
0000000000000
0000000000000
110E7A976A7C3
1CF6071F1AF73
1E40067F38F91
0000000000000
0000000000000
0000000000000
0000000000000
117F0C11841DD
0000000000000
10216E171E777
0000000000000
0000000000000
0000000000000
0000000000000
0000000000000
0000000000000
0000000000000
10410490760CF
0000000000000
0000000000000
0000000000000
1C4718BEE8F41
102E0337CC825
0000000000000
1049836A47AA0
107436BCFFD58
14F90D8E23E7C
0000000000000
0000000000000
0000000000000
0000000000000
0000000000000
0000000000000
0000000000000
0000000000000
0000000000000
0000000000000
104227E7EF848
0000000000000
0000000000000
0000000000000
0000000000000
0000000000000
0000000000000
0000000000000
0000000000000
0000000000000
0000000000000
107604132B384
0000000000000
169218BB4ABA3
0000000000000
0000000000000
0000000000000
0000000000000
0000000000000
0000000000000
0000000000000
0000000000000
0000000000000
0000000000000
15542805AB604
0000000000000
0000000000000
0000000000000
0000000000000
10E168882587E
0000000000000
0000000000000
0000000000000
0000000000000
10BB0C5AA7B00
0000000000000
13530538538AC
0000000000000
0000000000000
0000000000000
0000000000000
0000000000000
0000000000000
108B1FCD17D70
0000000000000
185BAA2B6CBC5
0000000000000
0000000000000
0000000000000
0000000000000
103F05101F078
0000000000000
0000000000000
0000000000000
0000000000000
104F06C42B484
0000000000000
0000000000000
0000000000000
10280EF5BA613
0000000000000
0000000000000
0000000000000
0000000000000
0000000000000
0000000000000
104705911416D
10C22DC5EE647
0000000000000
0000000000000
0000000000000
104939A3873E0
0000000000000
0000000000000
0000000000000
102803F13E197
10660712B230B
0000000000000
0000000000000
0000000000000
0000000000000
103E1A32752CE
0000000000000
0000000000000
11F70674E453D
0000000000000
0000000000000
0000000000000
0000000000000
0000000000000
0000000000000
1063164A77AD0
13690718578B0
123605F3B240B
1268061AEEB47
0000000000000
0000000000000
0000000000000
0000000000000
102D0228B290B
104D04D1B220B
11B82583953EE
10630C15DF638
0000000000000
101301756E5C7
0000000000000
127D39BDB3E0C
0000000000000
0000000000000
0000000000000
0000000000000
0000000000000
0000000000000
166C071E3DE96
1AD103FEC9F22
0000000000000
0000000000000
0000000000000
0000000000000
185C03F9B3A0C
10220963A53FE
127D43EAF2B4B
188E0BAB71BCA
0000000000000
0000000000000
0000000000000
10460DCC8ACE3
0000000000000
109A0A604E0A7
0000000000000
1334AEADCFE28
10F241D3E643F
18FC77CE8FEE8
0000000000000
0000000000000
10C005308A0E3
1C8FD1CEFFF58
0000000000000
0000000000000
0000000000000
0000000000000
0000000000000
0000000000000
12AC3372F7350
102202E67E6D7
0000000000000
0000000000000
105B2A4A6BAC4
0000000000000
0000000000000
0000000000000
106936A4AD506
0000000000000
10347118C0919
104007642547E
0000000000000
14712E98638BC
0000000000000
0000000000000
0000000000000
0000000000000
1C9B456F05F5E
0000000000000
1B9005FED6F2F
0000000000000
0000000000000
0000000000000
0000000000000
0000000000000
0000000000000
0000000000000
0000000000000
0000000000000
12190601C321C
123404D5535AC
168A0717A07F9
0000000000000
0000000000000
10C478AAACB05
10A005F0730CC
105C04374E7A7
0000000000000
0000000000000
0000000000000
0000000000000
0000000000000
104A05CC98CF1
0000000000000
107604E4884E1
0000000000000
0000000000000
0000000000000
104633AA39A92
1075789D02D5B
0000000000000
0000000000000
0000000000000
10A41151761CF
11EE40C4E353C
0000000000000
0000000000000
13EA05F51D576
0000000000000
0000000000000
0000000000000
0000000000000
0000000000000
0000000000000
10140187B7810
0000000000000
0000000000000
113C2C327D2D6
156E071E29E82
0000000000000
0000000000000
0000000000000
0000000000000
0000000000000
0000000000000
0000000000000
0000000000000
0000000000000
0000000000000
0000000000000
0000000000000
0000000000000
0000000000000
0000000000000
11EB62BAE4B3D
0000000000000
0000000000000
0000000000000
0000000000000
11BF04A4B8511
0000000000000
105F0488F294B
0000000000000
0000000000000
138D06734F3A8
0000000000000
103D071A1DA76
1458074DFDE56
0000000000000
0000000000000
0000000000000
0000000000000
0000000000000
0000000000000
0000000000000
1834CB1E82EDB
1267D71DB0E09
0000000000000
104703F2EC345
0000000000000
0000000000000
0000000000000
0000000000000
108A06745E4B7
0000000000000
0000000000000
0000000000000
0000000000000
0000000000000
0000000000000
0000000000000
0000000000000
0000000000000
0000000000000
0000000000000
0000000000000
0000000000000
0000000000000
0000000000000
0000000000000
104304D01106A
103008FC1EC77
0000000000000
0000000000000
0000000000000
0000000000000
0000000000000
0000000000000
0000000000000
0000000000000
0000000000000
0000000000000
0000000000000
0000000000000
0000000000000
0000000000000
0000000000000
0000000000000
0000000000000
0000000000000
0000000000000
0000000000000
0000000000000
0000000000000
0000000000000
0000000000000
0000000000000
10634BA50A563
0000000000000
0000000000000
0000000000000
0000000000000
0000000000000
0000000000000
0000000000000
0000000000000
0000000000000
1017014717770
1153127D6FDC8
0000000000000
0000000000000
12860413B340C
108A04D50D566
0000000000000
0000000000000
0000000000000
103B0C71481A1
11D9074AE1B3A
0000000000000
0000000000000
0000000000000
0000000000000
0000000000000
0000000000000
109A45E81E877
0000000000000
0000000000000
0000000000000
104A0425D162A
104440CA35A8E
0000000000000
0000000000000
0000000000000
0000000000000
156004E5AC605
0000000000000
0000000000000
13734B26616BA
17830A28868DF
0000000000000
0000000000000
0000000000000
0000000000000
0000000000000
0000000000000
0000000000000
0000000000000
0000000000000
0000000000000
0000000000000
152641898A9E3
0000000000000
0000000000000
0000000000000
0000000000000
1234067440499
103C4188CA923
0000000000000
10BD05B4B350C
0000000000000
0000000000000
0000000000000
0000000000000
0000000000000
0000000000000
0000000000000
11EB38533138A
0000000000000
0000000000000
0000000000000
0000000000000
0000000000000
118A03E43D496
0000000000000
106993FA7EAD7
0000000000000
0000000000000
0000000000000
0000000000000
0000000000000
0000000000000
0000000000000
0000000000000
0000000000000
0000000000000
0000000000000
0000000000000
0000000000000
0000000000000
0000000000000
0000000000000
0000000000000
0000000000000
0000000000000
105033A8E7940
0000000000000
0000000000000
0000000000000
0000000000000
0000000000000
0000000000000
0000000000000
0000000000000
0000000000000
1047893A41A9A
11870A294B9A4
0000000000000
0000000000000
115504D25E2B7
1C4ED16EEAF43
0000000000000
0000000000000
107306F0D312C
103C06023428D
143B627B19B72
188C532E8CEE5
0000000000000
0000000000000
0000000000000
0000000000000
13D7313DEBE44
0000000000000
1042944C80CD9
103F128737790
112B323D64DBD
0000000000000
0000000000000
0000000000000
0000000000000
0000000000000
0000000000000
0000000000000
0000000000000
0000000000000
0000000000000
0000000000000
0000000000000
15D05D55AE607
0000000000000
0000000000000
0000000000000
0000000000000
0000000000000
0000000000000
0000000000000
11531FEACCB25
0000000000000
116206D11D176
102A02A68A6E3
0000000000000
101901BBC9C22
0000000000000
0000000000000
0000000000000
0000000000000
0000000000000
101A0123F544E
0000000000000
0000000000000
0000000000000
0000000000000
0000000000000
0000000000000
0000000000000
0000000000000
0000000000000
0000000000000
0000000000000
0000000000000
103B03E05B0B4
0000000000000
0000000000000
0000000000000
0000000000000
0000000000000
0000000000000
0000000000000
108004D0480A1
0000000000000
0000000000000
1479079E06E5F
0000000000000
0000000000000
0000000000000
0000000000000
0000000000000
0000000000000
0000000000000
0000000000000
11C605FD8EDE7
0000000000000
10F90A293698F
10230D89E1A3A
1DE4348F32F8B
105103F0F7150
122E1D1AECB45
10C20B20930EC
10C1500AAAB03
0000000000000
0000000000000
14062B23F0449
0000000000000
0000000000000
0000000000000
0000000000000
0000000000000
103B0E11D122A
0000000000000
0000000000000
0000000000000
0000000000000
0000000000000
0000000000000
0000000000000
0000000000000
0000000000000
105B03F40445D
0000000000000
0000000000000
0000000000000
0000000000000
0000000000000
0000000000000
15E95F25B0609
17211CD8828DB
0000000000000
0000000000000
0000000000000
0000000000000
0000000000000
0000000000000
104A06930135A
0000000000000
0000000000000
0000000000000
156A04DB36B8F
0000000000000
0000000000000
0000000000000
0000000000000
0000000000000
0000000000000
0000000000000
0000000000000
0000000000000
0000000000000
0000000000000
0000000000000
0000000000000
0000000000000
0000000000000
0000000000000
0000000000000
0000000000000
0000000000000
0000000000000
0000000000000
0000000000000
0000000000000
0000000000000
0000000000000
0000000000000
0000000000000
0000000000000
0000000000000
0000000000000
0000000000000
19140F3E94EED
0000000000000
110E067D59DB2
0000000000000
0000000000000
13C203EDE8E41
0000000000000
0000000000000
103C05318C1E5
107307CCFCD55
0000000000000
0000000000000
0000000000000
104A58E74479D
0000000000000
0000000000000
0000000000000
0000000000000
13DAB03B14B6D
1A6505CEB9F12
0000000000000
0000000000000
0000000000000
0000000000000
1BA50BAED8F31
0000000000000
0000000000000
0000000000000
0000000000000
0000000000000
105A1BF5DA633
0000000000000
0000000000000
0000000000000
0000000000000
0000000000000
0000000000000
1059045017070
0000000000000
0000000000000
104E0614A8501
0000000000000
0000000000000
0000000000000
0000000000000
0000000000000
0000000000000
0000000000000
0000000000000
0000000000000
0000000000000
130610C3D342C
0000000000000
0000000000000
0000000000000
0000000000000
0000000000000
103B04B3DC435
178B2FBB58BB1
0000000000000
0000000000000
0000000000000
0000000000000
0000000000000
0000000000000
149F067B28B81
0000000000000
0000000000000
0000000000000
11554E94E153A
0000000000000
0000000000000
0000000000000
103E07EA24A7D
0000000000000
0000000000000
0000000000000
0000000000000
0000000000000
0000000000000
0000000000000
0000000000000
104603F01E077
0000000000000
0000000000000
0000000000000
0000000000000
0000000000000
0000000000000
0000000000000
1042243C7ECD7
0000000000000
0000000000000
0000000000000
104C04901A073
102855EBFAC53
0000000000000
0000000000000
0000000000000
0000000000000
0000000000000
0000000000000
0000000000000
0000000000000
0000000000000
0000000000000
0000000000000
0000000000000
0000000000000
0000000000000
0000000000000
0000000000000
0000000000000
0000000000000
0000000000000
0000000000000
106015BA71ACA
0000000000000
0000000000000
0000000000000
0000000000000
0000000000000
0000000000000
1275527AF0B49
108F62CA94AED
0000000000000
124D98895C9B5
0000000000000
0000000000000
0000000000000
0000000000000
111704D0EF148
103C06673278B
1033029C2CC85
0000000000000
0000000000000
0000000000000
0000000000000
10301A132137A
0000000000000
0000000000000
0000000000000
0000000000000
0000000000000
0000000000000
0000000000000
0000000000000
0000000000000
0000000000000
0000000000000
0000000000000
0000000000000
14C005F5615BA
102A23AC00C59
0000000000000
0000000000000
0000000000000
0000000000000
0000000000000
0000000000000
10143138958EE
0000000000000
1D371FEF23F7C
0000000000000
0000000000000
0000000000000
0000000000000
0000000000000
0000000000000
0000000000000
0000000000000
117437651356C
14CF1BCE1AE73
0000000000000
0000000000000
0000000000000
0000000000000
13520BA8528AB
0000000000000
0000000000000
0000000000000
0000000000000
0000000000000
0000000000000
0000000000000
0000000000000
0000000000000
0000000000000
10150169CDA26
10343808BF918
0000000000000
0000000000000
0000000000000
0000000000000
0000000000000
0000000000000
103005B8B7910
13090A29739CC
0000000000000
0000000000000
0000000000000
0000000000000
0000000000000
0000000000000
0000000000000
0000000000000
0000000000000
10E238434639F
0000000000000
14E504D5645BD
1048071A42A9B
129C045DBAE13
104F0D430235B
102663DBF2C4B
0000000000000
0000000000000
0000000000000
0000000000000
12E60E73A03F9
0000000000000
0000000000000
0000000000000
0000000000000
0000000000000
0000000000000
0000000000000
1040089120179
0000000000000
0000000000000
103D3E1A21A7A
0000000000000
14760886666BF
0000000000000
0000000000000
0000000000000
0000000000000
0000000000000
0000000000000
103E08B2602B9
0000000000000
0000000000000
0000000000000
103E3C76A06F9
0000000000000
0000000000000
0000000000000
0000000000000
0000000000000
102209DBD9C32
0000000000000
0000000000000
0000000000000
104D32E3C341C
0000000000000
105A05F6BB714
0000000000000
0000000000000
0000000000000
14533BA4954EE
18BD0678938EC
102E334C16C6F
0000000000000
0000000000000
0000000000000
0000000000000
0000000000000
0000000000000
0000000000000
106803B8FA953
0000000000000
10212D49D8A31
0000000000000
0000000000000
0000000000000
0000000000000
160E02470275B
0000000000000
10180149D3A2C
0000000000000
0000000000000
10330CC1551AE
0000000000000
14B1CB0E12E6B
0000000000000
0000000000000
0000000000000
103C0598C7920
1034051C3BC94
0000000000000
0000000000000
0000000000000
0000000000000
0000000000000
0000000000000
0000000000000
0000000000000
164806779C7F5
0000000000000
10AB4BAA9DAF6
178906BE64EBD
0000000000000
0000000000000
10392CCC4BCA4
0000000000000
0000000000000
0000000000000
0000000000000
0000000000000
1BC403FEDDF36
0000000000000
0000000000000
0000000000000
0000000000000
111706793D996
10BE04ED39D92
0000000000000
0000000000000
0000000000000
0000000000000
0000000000000
106384481386C
0000000000000
0000000000000
0000000000000
118A0C13653BE
0000000000000
0000000000000
0000000000000
0000000000000
104D5ADA59AB2
104F03E21D276
0000000000000
0000000000000
103D0D929F2F8
1A60024B9CBF5
0000000000000
0000000000000
0000000000000
0000000000000
0000000000000
104045B6A56FE
0000000000000
1775D68E5EEB7
0000000000000
0000000000000
0000000000000
0000000000000
0000000000000
10430402862DF
0000000000000
0000000000000
1042074A30A89
0000000000000
0000000000000
1021048418471
0000000000000
0000000000000
0000000000000
0000000000000
0000000000000
0000000000000
0000000000000
0000000000000
0000000000000
0000000000000
0000000000000
10FB04E2B430D
10130F51D422D
0000000000000
0000000000000
0000000000000
0000000000000
0000000000000
0000000000000
0000000000000
0000000000000
0000000000000
0000000000000
0000000000000
0000000000000
0000000000000
0000000000000
1040265C73CCC
10FB42D48A4E3
0000000000000
0000000000000
0000000000000
0000000000000
10C604D1FB254
1022A5EBDDC36
0000000000000
10E6AB8D4ADA3
105003F0680C1
105403BCC1D1A
187B12A8928EB
10232A1BE3C3C
1068959CF0D49
0000000000000
0000000000000
0000000000000
0000000000000
0000000000000
0000000000000
0000000000000
0000000000000
0000000000000
0000000000000
0000000000000
0000000000000
0000000000000
10474666AF708
0000000000000
129C05F9689C1
0000000000000
0000000000000
0000000000000
0000000000000
0000000000000
102D2045795D2
103B0C18C491D
0000000000000
0000000000000
0000000000000
0000000000000
0000000000000
0000000000000
0000000000000
0000000000000
0000000000000
0000000000000
0000000000000
0000000000000
0000000000000
0000000000000
0000000000000
0000000000000
0000000000000
0000000000000
102777A9F5A4E
0000000000000
105A045328381
0000000000000
186C04D9B5A0E
0000000000000
150840BE25E7E
0000000000000
0000000000000
0000000000000
0000000000000
10AF4D7AA1AFA
0000000000000
0000000000000
0000000000000
109E0A26CB724
1455069B1AB73
0000000000000
0000000000000
0000000000000
0000000000000
12672A59609B9
0000000000000
0000000000000
0000000000000
0000000000000
0000000000000
0000000000000
149404DB26B7F
0000000000000
0000000000000
0000000000000
10FD0600C511E
0000000000000
0000000000000
0000000000000
0000000000000
0000000000000
0000000000000
0000000000000
0000000000000
0000000000000
0000000000000
0000000000000
0000000000000
0000000000000
11D005BD91DEA
1F58704F41F9A
0000000000000
0000000000000
103E0717E0839
0000000000000
0000000000000
0000000000000
0000000000000
0000000000000
0000000000000
0000000000000
0000000000000
0000000000000
0000000000000
0000000000000
0000000000000
0000000000000
0000000000000
0000000000000
0000000000000
0000000000000
0000000000000
0000000000000
0000000000000
0000000000000
0000000000000
0000000000000
0000000000000
0000000000000
0000000000000
0000000000000
11C048BD8DDE6
10370CB57D5D6
0000000000000
0000000000000
104F620809862
0000000000000
0000000000000
103805AA14A6D
0000000000000
0000000000000
0000000000000
0000000000000
0000000000000
0000000000000
0000000000000
0000000000000
0000000000000
0000000000000
0000000000000
0000000000000
0000000000000
0000000000000
10513D04A9502
0000000000000
0000000000000
0000000000000
0000000000000
0000000000000
0000000000000
10300688B8911
0000000000000
0000000000000
0000000000000
12A61FA4E9542
102B9B79FBA54
109A464D1FD78
0000000000000
0000000000000
0000000000000
11E62A42A62FF
104813BC92CEB
0000000000000
0000000000000
0000000000000
0000000000000
0000000000000
117F3467707C9
0000000000000
0000000000000
0000000000000
0000000000000
0000000000000
107A0A531536E
12502A05565AF
109B2BAD21D7A
0000000000000
104D06E2B0309
0000000000000
0000000000000
0000000000000
0000000000000
14793815A35FC
0000000000000
0000000000000
0000000000000
0000000000000
103063D7D282B
0000000000000
104E0415D562E
0000000000000
0000000000000
0000000000000
0000000000000
0000000000000
102B45E8AE907
0000000000000
0000000000000
111CA14D5CDB5
0000000000000
0000000000000
0000000000000
0000000000000
0000000000000
0000000000000
0000000000000
0000000000000
0000000000000
0000000000000
0000000000000
0000000000000
0000000000000
0000000000000
105903E020079
10482AF5D0629
19904D7EA1EFA
0000000000000
0000000000000
0000000000000
0000000000000
0000000000000
0000000000000
0000000000000
10AB1FA64369C
192948B9C2A1B
0000000000000
0000000000000
0000000000000
0000000000000
0000000000000
0000000000000
0000000000000
0000000000000
0000000000000
0000000000000
0000000000000
0000000000000
102139E7BA813
11027B2ABFB18
0000000000000
10260341BB214
0000000000000
18561A2B6BBC4
0000000000000
0000000000000
0000000000000
0000000000000
102EB47C19C72
0000000000000
0000000000000
0000000000000
0000000000000
10F90676D572E
10A003E91E977
1036336C43C9C
0000000000000
0000000000000
15555A65675C0
199A0DEB85BDE
0000000000000
0000000000000
0000000000000
0000000000000
0000000000000
0000000000000
0000000000000
0000000000000
0000000000000
0000000000000
0000000000000
1373863B0FB68
147D07C5A45FD
0000000000000
144E02DDF8E51
0000000000000
0000000000000
10461304CE527
0000000000000
0000000000000
0000000000000
0000000000000
104D18618E1E7
0000000000000
0000000000000
0000000000000
0000000000000
0000000000000
0000000000000
1025047BEBC44
0000000000000
0000000000000
0000000000000
0000000000000
0000000000000
0000000000000
0000000000000
0000000000000
0000000000000
102302F6806D9
0000000000000
0000000000000
0000000000000
117F68FAD4B2D
0000000000000
0000000000000
0000000000000
0000000000000
0000000000000
0000000000000
10470602612BA
0000000000000
0000000000000
0000000000000
0000000000000
0000000000000
0000000000000
0000000000000
0000000000000
0000000000000
106E05FCF8D51
12BF02EDC3E1C
0000000000000
0000000000000
0000000000000
0000000000000
0000000000000
0000000000000
0000000000000
0000000000000
0000000000000
0000000000000
0000000000000
0000000000000
0000000000000
0000000000000
0000000000000
0000000000000
101A01989B8F4
0000000000000
0000000000000
110CABAD58DB1
0000000000000
0000000000000
0000000000000
0000000000000
0000000000000
14BEE22E14E6D
0000000000000
103B0451DA233
103D0437DD836
0000000000000
10637327537AC
0000000000000
0000000000000
0000000000000
104E05B05F0B8
0000000000000
115F08814E1A7
0000000000000
0000000000000
0000000000000
0000000000000
0000000000000
0000000000000
0000000000000
110807740A463
0000000000000
0000000000000
0000000000000
139B418DE1E3A
0000000000000
108B04E0A10FA
0000000000000
0000000000000
0000000000000
0000000000000
0000000000000
0000000000000
0000000000000
0000000000000
0000000000000
0000000000000
11410611A61FF
10260D75B8611
1032950A08A61
0000000000000
0000000000000
0000000000000
0000000000000
0000000000000
0000000000000
0000000000000
0000000000000
0000000000000
0000000000000
0000000000000
0000000000000
0000000000000
0000000000000
0000000000000
0000000000000
0000000000000
0000000000000
0000000000000
0000000000000
0000000000000
0000000000000
0000000000000
0000000000000
10E684DD49DA2
1A4A216B96BEF
105C0715DB634
0000000000000
0000000000000
0000000000000
0000000000000
0000000000000
0000000000000
0000000000000
0000000000000
0000000000000
0000000000000
0000000000000
0000000000000
0000000000000
0000000000000
1049485A46A9F
108E05303A093
0000000000000
10777287567AF
0000000000000
0000000000000
197A128E9DEF6
10331B01A01F9
115023332E387
10F904D3623BB
13DD0B87847DD
127E95D9639BC
0000000000000
0000000000000
0000000000000
14D105A5635BC
0000000000000
103203F0520AB
102204F9DAA33
0000000000000
0000000000000
0000000000000
0000000000000
10270B4BF4C4D
0000000000000
0000000000000
0000000000000
0000000000000
0000000000000
0000000000000
103D07721B274
0000000000000
0000000000000
10FB2A6937990
0000000000000
0000000000000
103B2EBC50CA9
104D16C4D252B
1204B94D9DDF6
103C03F0A9102
129904DDB8E11
10251809E9A42
0000000000000
0000000000000
0000000000000
0000000000000
0000000000000
0000000000000
0000000000000
0000000000000
0000000000000
0000000000000
104606602C085
17B1071E70EC9
0000000000000
0000000000000
13C194597C9D5
0000000000000
106B04D0810DA
0000000000000
105B053CCED27
0000000000000
0000000000000
0000000000000
125A3363CF428
0000000000000
0000000000000
0000000000000
0000000000000
0000000000000
0000000000000
0000000000000
0000000000000
0000000000000
1B8D15BED5F2E
0000000000000
0000000000000
0000000000000
0000000000000
10431E873F798
0000000000000
115605B1E0239
0000000000000
0000000000000
0000000000000
0000000000000
0000000000000
0000000000000
0000000000000
0000000000000
0000000000000
0000000000000
0000000000000
14581C178A7E3
0000000000000
0000000000000
111D071D5DDB6
105F0425DE637
0000000000000
0000000000000
0000000000000
0000000000000
0000000000000
102E30D4FA553
0000000000000
0000000000000
0000000000000
0000000000000
0000000000000
0000000000000
0000000000000
104108A4774D0
1E8D051F3DF96
1099D54D1CD75
0000000000000
0000000000000
0000000000000
1051060CBAD13
102D44F4714CA
0000000000000
0000000000000
0000000000000
106E0E80CD126
0000000000000
11939DBADBB34
0000000000000
0000000000000
104003B42347C
102258E9DEA37
0000000000000
128E9409659BE
0000000000000
103C04C420479
0000000000000
0000000000000
188C08FB70BC9
0000000000000
0000000000000
0000000000000
0000000000000
0000000000000
14442ED4484A1
0000000000000
0000000000000
0000000000000
0000000000000
12B92E765C6B5
0000000000000
10BF05F437490
0000000000000
0000000000000
0000000000000
0000000000000
0000000000000
0000000000000
11A00774E253B
104D2A580585E
1091048917970
0000000000000
0000000000000
0000000000000
0000000000000
0000000000000
0000000000000
0000000000000
0000000000000
0000000000000
0000000000000
0000000000000
0000000000000
0000000000000
0000000000000
0000000000000
0000000000000
0000000000000
0000000000000
0000000000000
1274059DB2E0B
116D05354E5A7
10AB16475E7B7
0000000000000
0000000000000
11031E11981F1
0000000000000
0000000000000
19F804DEA8F01
10AC12A1791D2
1032025C23C7C
0000000000000
194E997E9CEF5
1023049129182
125A090DA7E00
0000000000000
104A4D7C9ECF7
0000000000000
0000000000000
0000000000000
0000000000000
0000000000000
0000000000000
102D259C11C6A
10120179CCA25
0000000000000
0000000000000
0000000000000
0000000000000
0000000000000
0000000000000
0000000000000
0000000000000
0000000000000
0000000000000
0000000000000
0000000000000
0000000000000
0000000000000
0000000000000
0000000000000
0000000000000
0000000000000
0000000000000
0000000000000
0000000000000
0000000000000
106104D2E0339
0000000000000
0000000000000
1858067E88EE1
0000000000000
10541B580D866
0000000000000
0000000000000
0000000000000
0000000000000
0000000000000
0000000000000
0000000000000
0000000000000
0000000000000
0000000000000
0000000000000
0000000000000
0000000000000
0000000000000
0000000000000
0000000000000
0000000000000
0000000000000
0000000000000
0000000000000
0000000000000
103B06C53558E
10300275BE617
0000000000000
109B4F191C975
0000000000000
101D0113503A9
106B06745C4B5
106303E540599
15B767BE32E8B
1033043C2DC86
0000000000000
0000000000000
105D05E639692
0000000000000
0000000000000
0000000000000
0000000000000
0000000000000
0000000000000
0000000000000
14134589809D9
0000000000000
0000000000000
10590C78ED946
0000000000000
0000000000000
0000000000000
0000000000000
0000000000000
10250C19E8A41
11410B4D68DC1
104C06A0800D9
0000000000000
0000000000000
115530C4664BF
0000000000000
10B604D1691C2
102A631C01C5A
0000000000000
102E1C017B1D4
10461E83C0419
0000000000000
0000000000000
0000000000000
0000000000000
0000000000000
0000000000000
103404222427D
1030177C1FC78
0000000000000
0000000000000
0000000000000
0000000000000
104255E8D7930
0000000000000
0000000000000
0000000000000
0000000000000
0000000000000
0000000000000
0000000000000
0000000000000
0000000000000
0000000000000
14F6C61E1DE76
0000000000000
0000000000000
0000000000000
0000000000000
183225EB67BC0
0000000000000
103B1D5A18A71
1119086D5BDB4
0000000000000
104F04E02407D
10251641D9232
0000000000000
0000000000000
0000000000000
0000000000000
0000000000000
0000000000000
0000000000000
0000000000000
0000000000000
0000000000000
0000000000000
0000000000000
0000000000000
0000000000000
0000000000000
0000000000000
0000000000000
0000000000000
0000000000000
10370713543AD
103F048010069
0000000000000
0000000000000
102702D3F7450
0000000000000
0000000000000
0000000000000
0000000000000
0000000000000
103C16CA1AA73
0000000000000
104D03F07D0D6
0000000000000
1A55BC1B99BF2
0000000000000
0000000000000
0000000000000
0000000000000
0000000000000
0000000000000
0000000000000
0000000000000
0000000000000
0000000000000
107E071D0ED67
0000000000000
0000000000000
10910B3919972
115350054D5A6
0000000000000
0000000000000
0000000000000
107D2EA32C385
0000000000000
0000000000000
190B021E91EEA
0000000000000
0000000000000
0000000000000
0000000000000
0000000000000
0000000000000
0000000000000
0000000000000
0000000000000
10C507182387C
102A04FBFEC57
0000000000000
0000000000000
0000000000000
12E404D59F5F8
0000000000000
0000000000000
0000000000000
0000000000000
0000000000000
0000000000000
0000000000000
0000000000000
0000000000000
0000000000000
0000000000000
0000000000000
0000000000000
0000000000000
104E086A5BAB4
0000000000000
109A1F03743CD
103404F3BD416
191105BE92EEB
0000000000000
0000000000000
0000000000000
0000000000000
1026227618671
10252C4BEFC48
0000000000000
0000000000000
0000000000000
0000000000000
0000000000000
105904180E867
0000000000000
0000000000000
102902233C395
0000000000000
0000000000000
105006E1671C0
0000000000000
0000000000000
0000000000000
11130B154B5A4
0000000000000
0000000000000
10C40514894E2
0000000000000
0000000000000
11F703F2C231B
0000000000000
0000000000000
0000000000000
12FD071B05B5E
10A427928C2E5
10900DE3C441D
101B0F589C8F5
10410713853DE
0000000000000
0000000000000
0000000000000
0000000000000
0000000000000
0000000000000
16E47A37A67FF
0000000000000
0000000000000
0000000000000
0000000000000
0000000000000
0000000000000
0000000000000
0000000000000
0000000000000
0000000000000
0000000000000
102D07E33D396
0000000000000
0000000000000
0000000000000
0000000000000
0000000000000
0000000000000
0000000000000
1038103C48CA1
0000000000000
0000000000000
0000000000000
0000000000000
0000000000000
0000000000000
10A81DAD27D80
0000000000000
0000000000000
0000000000000
1A3C58AB91BEA
0000000000000
0000000000000
0000000000000
0000000000000
0000000000000
0000000000000
0000000000000
0000000000000
0000000000000
0000000000000
0000000000000
0000000000000
0000000000000
0000000000000
0000000000000
0000000000000
0000000000000
0000000000000
136253B9779D0
10240AE17A1D3
11935F9ADAB33
1040359C75CCE
0000000000000
163B3157997F2
0000000000000
0000000000000
0000000000000
11984CA48E4E7
0000000000000
0000000000000
10632A6CE6D3F
119818E4B7510
0000000000000
0000000000000
0000000000000
1043059628681
0000000000000
0000000000000
0000000000000
0000000000000
10CF0E01F124A
107B2B42952EE
179E0DEE6BEC4
0000000000000
0000000000000
0000000000000
102F35A3823DB
0000000000000
0000000000000
1B711D9BB7C10
0000000000000
10AB061D29D82
0000000000000
132104D65E6B7
14380A5DF3E4C
0000000000000
0000000000000
0000000000000
0000000000000
10500A242C485
0000000000000
0000000000000
0000000000000
0000000000000
0000000000000
0000000000000
0000000000000
0000000000000
0000000000000
0000000000000
0000000000000
126F1D14E653F
0000000000000
0000000000000
0000000000000
0000000000000
104A4B9A4CAA5
0000000000000
14F964C8708C9
0000000000000
0000000000000
0000000000000
0000000000000
0000000000000
0000000000000
0000000000000
0000000000000
0000000000000
0000000000000
0000000000000
0000000000000
0000000000000
0000000000000
0000000000000
0000000000000
0000000000000
0000000000000
0000000000000
0000000000000
13C269897D9D6
0000000000000
0000000000000
0000000000000
0000000000000
104C04363168A
0000000000000
0000000000000
0000000000000
0000000000000
0000000000000
0000000000000
0000000000000
0000000000000
101201A5B260B
0000000000000
1023029BDFC38
115D226D73DCC
0000000000000
0000000000000
108F2C1D19D72
1D8304DF2BF84
0000000000000
0000000000000
0000000000000
0000000000000
0000000000000
0000000000000
0000000000000
0000000000000
102513D0E9142
0000000000000
0000000000000
0000000000000
102D07168C6E5
103D2A18CC925
1699954E48EA1
0000000000000
0000000000000
0000000000000
108C04E03408D
12961C5AF6B4F
103E29A30F368
0000000000000
10140122FC355
0000000000000
0000000000000
0000000000000
0000000000000
0000000000000
0000000000000
0000000000000
0000000000000
0000000000000
0000000000000
0000000000000
0000000000000
10A4167A99AF2
0000000000000
0000000000000
0000000000000
0000000000000
0000000000000
0000000000000
10890532D0329
10490627FB854
14D11DAB2BB84
0000000000000
0000000000000
0000000000000
0000000000000
0000000000000
0000000000000
0000000000000
0000000000000
0000000000000
1153AD5ACEB27
0000000000000
0000000000000
104713EA3DA96
0000000000000
0000000000000
0000000000000
0000000000000
0000000000000
0000000000000
0000000000000
0000000000000
0000000000000
0000000000000
0000000000000
0000000000000
0000000000000
0000000000000
0000000000000
0000000000000
0000000000000
0000000000000
0000000000000
0000000000000
102215C16B1C4
0000000000000
0000000000000
0000000000000
10730511821DB
0000000000000
0000000000000
0000000000000
0000000000000
0000000000000
10234ABBE4C3D
0000000000000
0000000000000
0000000000000
0000000000000
14AC271B29B82
0000000000000
0000000000000
0000000000000
1049048007060
117A2689499A2
0000000000000
103E34A36C3C5
0000000000000
0000000000000
0000000000000
0000000000000
0000000000000
0000000000000
0000000000000
106369F8F494D
0000000000000
10870991831DC
0000000000000
10BE03E1EA243
102FC5EC1CC75
0000000000000
0000000000000
0000000000000
0000000000000
0000000000000
0000000000000
0000000000000
0000000000000
15420E8528581
0000000000000
0000000000000
0000000000000
0000000000000
147198EB1FB78
0000000000000
16AC7AD7A27FB
0000000000000
106404781486D
0000000000000
0000000000000
0000000000000
1154053ACFB28
13080503EB444
104D2A47477A0
0000000000000
0000000000000
0000000000000
0000000000000
0000000000000
106F46090395C
0000000000000
0000000000000
1D96714F2CF85
152A0995665BF
0000000000000
105A4AFA67AC0
105953FCC7D20
0000000000000
0000000000000
14CC2D55A7600
0000000000000
0000000000000
0000000000000
137F48244549E
106206C027080
0000000000000
0000000000000
0000000000000
0000000000000
0000000000000
0000000000000
0000000000000
0000000000000
0000000000000
0000000000000
105C855A6CAC5
0000000000000
10AC06775F7B8
0000000000000
0000000000000
0000000000000
0000000000000
0000000000000
0000000000000
0000000000000
0000000000000
0000000000000
0000000000000
0000000000000
0000000000000
0000000000000
0000000000000
0000000000000
0000000000000
0000000000000
104D130CA9D02
0000000000000
0000000000000
0000000000000
0000000000000
0000000000000
11EE20D3B140A
0000000000000
0000000000000
0000000000000
0000000000000
0000000000000
0000000000000
0000000000000
122E0C51ED246
10430C8C83CDC
0000000000000
0000000000000
0000000000000
0000000000000
0000000000000
0000000000000
0000000000000
0000000000000
0000000000000
10460407F684F
0000000000000
0000000000000
0000000000000
0000000000000
111C1C793F998
0000000000000
1847B1AB6ABC3
1054D1ACC5D1E
0000000000000
0000000000000
1A70071BA1BFA
0000000000000
0000000000000
0000000000000
0000000000000
105B04D0490A2
0000000000000
106B05313218B
104A07235A3B3
0000000000000
0000000000000
0000000000000
0000000000000
12B9227DC0E19
0000000000000
0000000000000
0000000000000
0000000000000
0000000000000
119383794C9A5
0000000000000
10470810660BF
102E03913F198
10D9071AB4B0D
0000000000000
0000000000000
0000000000000
0000000000000
0000000000000
145203CDFAE53
0000000000000
0000000000000
0000000000000
0000000000000
0000000000000
0000000000000
0000000000000
1030086320379
0000000000000
0000000000000
0000000000000
0000000000000
0000000000000
0000000000000
0000000000000
0000000000000
0000000000000
100F00F52A583
115556483188A
1AE6A86BACC05
0000000000000
104E16A1B320C
0000000000000
0000000000000
10250520C311C
0000000000000
0000000000000
0000000000000
0000000000000
0000000000000
0000000000000
0000000000000
0000000000000
0000000000000
0000000000000
0000000000000
104E20D4814DA
0000000000000
0000000000000
0000000000000
0000000000000
14FC5044C351C
0000000000000
0000000000000
10DC2B76486A1
105105AA64ABD
0000000000000
0000000000000
0000000000000
0000000000000
0000000000000
0000000000000
0000000000000
10240609E4A3D
0000000000000
128C02A24A2A3
0000000000000
0000000000000
14343ED41546E
102751EBF7C50
148D047E0DE66
0000000000000
0000000000000
101501B2E7340
0000000000000
0000000000000
117E05F14B1A4
0000000000000
13232A051A573
0000000000000
0000000000000
0000000000000
0000000000000
0000000000000
0000000000000
0000000000000
104D1C68E293B
0000000000000
0000000000000
0000000000000
0000000000000
101301337E3D7
0000000000000
104A108C9CCF5
0000000000000
0000000000000
0000000000000
0000000000000
0000000000000
10903B891596E
0000000000000
0000000000000
0000000000000
0000000000000
11BFB02AE0B39
0000000000000
1438D67DF5E4E
0000000000000
119B07A7747CD
103C06E69B6F4
0000000000000
0000000000000
0000000000000
0000000000000
1A6E069BA0BF9
1048070C91CEA
0000000000000
0000000000000
0000000000000
0000000000000
104D0800E113A
102D23372A783
0000000000000
0000000000000
10405B162467D
0000000000000
107504643448D
0000000000000
1040275C74CCD
0000000000000
0000000000000
0000000000000
0000000000000
0000000000000
0000000000000
0000000000000
12A82D54BA513
0000000000000
0000000000000
102D03D728781
0000000000000
161B7299929EB
0000000000000
0000000000000
0000000000000
0000000000000
0000000000000
0000000000000
178596CB55BAE
105306974B7A4
109B921A97AF0
1033049C2EC87
106304EA74ACD
0000000000000
19FB714EA9F02
0000000000000
0000000000000
0000000000000
0000000000000
0000000000000
10502A5CB6D0F
10AB84DD2AD83
0000000000000
0000000000000
0000000000000
0000000000000
0000000000000
0000000000000
0000000000000
0000000000000
0000000000000
0000000000000
0000000000000
0000000000000
0000000000000
1B46CF2ED0F29
0000000000000
0000000000000
0000000000000
0000000000000
0000000000000
0000000000000
0000000000000
105B0674AA503
0000000000000
0000000000000
0000000000000
1047067A3CA95
0000000000000
0000000000000
0000000000000
0000000000000
108A03F0CF128
0000000000000
0000000000000
0000000000000
0000000000000
1AC89A2EC6F1F
0000000000000
0000000000000
103E0638CD926
11C60686E0739
0000000000000
0000000000000
0000000000000
136C05E6606B9
0000000000000
0000000000000
0000000000000
0000000000000
0000000000000
10A41BC16F1C8
0000000000000
0000000000000
0000000000000
10F072C7667BF
0000000000000
0000000000000
0000000000000
0000000000000
0000000000000
0000000000000
0000000000000
0000000000000
0000000000000
0000000000000
105904E1801D9
10780D063E697
108F3162C0319
0000000000000
0000000000000
0000000000000
10250383F644F
182E0E0E7FED8
0000000000000
0000000000000
0000000000000
0000000000000
1554077E28E81
0000000000000
0000000000000
0000000000000
1061046030089
0000000000000
11A0049ADCB35
0000000000000
0000000000000
103B0471E123A
104303F36E3C7
103C0A27DA833
0000000000000
0000000000000
0000000000000
1D41043F25F7E
0000000000000
0000000000000
0000000000000
0000000000000
0000000000000
0000000000000
0000000000000
0000000000000
0000000000000
0000000000000
0000000000000
0000000000000
0000000000000
0000000000000
0000000000000
0000000000000
0000000000000
0000000000000
107F07AD0FD68
0000000000000
119A19D14619F
16F306B8808D9
11EE2273EA443
138B0716626BB
12B803FDBDE16
1511B0DB31B8A
0000000000000
0000000000000
104304C07E0D7
105B0740820DB
103B0541B0209
10E62B74B550E
0000000000000
104D10980385C
10252218A8901
0000000000000
0000000000000
181B05388C8E5
18161FEE78ED1
0000000000000
0000000000000
0000000000000
103504820225B
104705A4794D2
0000000000000
0000000000000
18A96289BAA13
0000000000000
0000000000000
130A03E2B9312
0000000000000
0000000000000
0000000000000
0000000000000
0000000000000
0000000000000
0000000000000
0000000000000
0000000000000
0000000000000
0000000000000
0000000000000
0000000000000
0000000000000
0000000000000
0000000000000
0000000000000
10347D2C3FC98
118805F13518E
0000000000000
102211BBDBC34
0000000000000
0000000000000
16FF05370D766
0000000000000
104F04122D286
104809704309C
10AB874A9FAF8
0000000000000
12265945995F2
0000000000000
0000000000000
0000000000000
10330C57D582E
0000000000000
197A722E9EEF7
0000000000000
0000000000000
106306804D0A6
0000000000000
0000000000000
1C6505BEEFF48
0000000000000
0000000000000
0000000000000
0000000000000
0000000000000
1047243A3FA98
172A04EE5AEB3
0000000000000
0000000000000
0000000000000
10AB3F250E567
0000000000000
10B30E8AA3AFC
0000000000000
11CE0532E433D
0000000000000
0000000000000
0000000000000
0000000000000
141F04DDF0E49
103F07C8CF928
103D0490BA113
0000000000000
10E507382687F
0000000000000
0000000000000
0000000000000
0000000000000
0000000000000
0000000000000
105337E8EB944
0000000000000
0000000000000
0000000000000
0000000000000
0000000000000
0000000000000
0000000000000
0000000000000
0000000000000
115BD6CD72DCB
0000000000000
0000000000000
104704D7F8851
0000000000000
103B25741F478
0000000000000
132506BDCDE26
0000000000000
0000000000000
0000000000000
0000000000000
0000000000000
0000000000000
1814931B61BBA
0000000000000
12FC0FB3D242B
102C1CBC0AC63
102206B9DBA34
0000000000000
0000000000000
0000000000000
10D8275D42D9B
0000000000000
0000000000000
0000000000000
16E50749A29FB
0000000000000
0000000000000
0000000000000
0000000000000
11583DE83288B
0000000000000
0000000000000
0000000000000
0000000000000
0000000000000
0000000000000
0000000000000
0000000000000
0000000000000
0000000000000
0000000000000
0000000000000
1182141AD8B31
0000000000000
0000000000000
0000000000000
0000000000000
0000000000000
0000000000000
0000000000000
0000000000000
0000000000000
0000000000000
0000000000000
0000000000000
0000000000000
0000000000000
10461243863DF
0000000000000
0000000000000
0000000000000
104904F1CB224
143245441446D
0000000000000
0000000000000
115739D3633BC
10BE0455ED646
0000000000000
0000000000000
0000000000000
0000000000000
0000000000000
0000000000000
0000000000000
0000000000000
0000000000000
0000000000000
0000000000000
0000000000000
0000000000000
0000000000000
0000000000000
0000000000000
0000000000000
103B1F6C4ECA7
0000000000000
12C510A4EA543
103D07D20425D
102A03B3803D9
0000000000000
0000000000000
0000000000000
0000000000000
0000000000000
0000000000000
0000000000000
147250BE00E59
0000000000000
124E1B5319372
0000000000000
0000000000000
0000000000000
0000000000000
0000000000000
0000000000000
10CD25F92F988
0000000000000
0000000000000
0000000000000
0000000000000
0000000000000
0000000000000
13696A06F0749
103F3A54A44FD
0000000000000
0000000000000
0000000000000
0000000000000
11551DA48C4E5
0000000000000
0000000000000
104104322B284
0000000000000
0000000000000
0000000000000
0000000000000
103E04923528E
112504D20D266
10500674824DB
0000000000000
0000000000000
0000000000000
0000000000000
0000000000000
0000000000000
0000000000000
0000000000000
0000000000000
0000000000000
1102456829882
0000000000000
14250533F244B
0000000000000
0000000000000
0000000000000
0000000000000
0000000000000
0000000000000
0000000000000
0000000000000
0000000000000
0000000000000
0000000000000
0000000000000
0000000000000
0000000000000
0000000000000
0000000000000
0000000000000
121705F9549AD
0000000000000
0000000000000
102E395C17C70
101B017BCDC26
0000000000000
1486048E0BE64
0000000000000
106909943248B
116C04D6526AB
0000000000000
0000000000000
0000000000000
0000000000000
0000000000000
0000000000000
0000000000000
10761BFD04D5D
0000000000000
0000000000000
0000000000000
0000000000000
0000000000000
0000000000000
0000000000000
0000000000000
0000000000000
0000000000000
0000000000000
0000000000000
0000000000000
0000000000000
1DC306BF30F89
0000000000000
0000000000000
0000000000000
0000000000000
105004D6B7710
0000000000000
0000000000000
0000000000000
104A1CB47B4D4
0000000000000
143A3397887E1
0000000000000
0000000000000
0000000000000
1924403E97EF0
0000000000000
106F846CFAD53
0000000000000
103E4353FB454
0000000000000
0000000000000
11BF2C15F8651
1B9C0A2ED7F30
1023023BDEC37
0000000000000
0000000000000
0000000000000
0000000000000
0000000000000
10BB05DD38D91
0000000000000
0000000000000
0000000000000
0000000000000
0000000000000
0000000000000
0000000000000
10291479F8A51
0000000000000
0000000000000
0000000000000
0000000000000
0000000000000
0000000000000
10620C7CDED37
0000000000000
0000000000000
0000000000000
0000000000000
0000000000000
0000000000000
102705B6866DF
10140194F454D
112033E30635F
161603961166A
0000000000000
0000000000000
0000000000000
127E04D34A3A3
153705398B9E4
12AB19E3D0429
0000000000000
0000000000000
0000000000000
0000000000000
0000000000000
0000000000000
0000000000000
149618B4984F1
11FA067D9ADF3
0000000000000
0000000000000
0000000000000
10460742A02F9
0000000000000
0000000000000
1AC70A2EC5F1E
0000000000000
0000000000000
0000000000000
0000000000000
0000000000000
0000000000000
0000000000000
0000000000000
0000000000000
0000000000000
0000000000000
0000000000000
0000000000000
10378A48C291B
0000000000000
10E407126C2C5
0000000000000
0000000000000
0000000000000
0000000000000
0000000000000
0000000000000
0000000000000
0000000000000
0000000000000
0000000000000
0000000000000
101201371376C
126507795E9B7
105968BCC8D21
106967BCF1D4A
0000000000000
0000000000000
0000000000000
0000000000000
0000000000000
0000000000000
0000000000000
0000000000000
0000000000000
103D06310E167
104D053CA6CFF
14E21A2B2FB88
105008153E597
0000000000000
0000000000000
0000000000000
0000000000000
0000000000000
0000000000000
0000000000000
0000000000000
0000000000000
0000000000000
103213EC28C81
0000000000000
0000000000000
0000000000000
0000000000000
16FC09DE55EAE
0000000000000
0000000000000
0000000000000
0000000000000
0000000000000
0000000000000
0000000000000
0000000000000
104E0B4A5DAB6
104D0461951EE
104605A1DD236
104105DA2DA86
0000000000000
10270684704C9
0000000000000
0000000000000
0000000000000
104A0B98DE937
0000000000000
0000000000000
0000000000000
0000000000000
0000000000000
116447DD75DCE
1BE9130EE1F3A
0000000000000
0000000000000
0000000000000
0000000000000
0000000000000
0000000000000
0000000000000
0000000000000
0000000000000
13E839C3EE447
10F908D6D672F
10917C781C875
0000000000000
0000000000000
0000000000000
0000000000000
0000000000000
0000000000000
0000000000000
0000000000000
0000000000000
0000000000000
0000000000000
0000000000000
0000000000000
0000000000000
10472B24A7500
0000000000000
0000000000000
0000000000000
0000000000000
0000000000000
0000000000000
103B0D74C9522
114F06382F888
1AD7ACABABC04
1024059BE7C40
104D2D2CACD05
10480490890E2
0000000000000
0000000000000
0000000000000
0000000000000
0000000000000
0000000000000
0000000000000
0000000000000
0000000000000
0000000000000
0000000000000
0000000000000
0000000000000
115507A830889
0000000000000
0000000000000
0000000000000
0000000000000
0000000000000
0000000000000
0000000000000
16DA04DE50EA9
104F04718F1E8
105E0E774F7A8
0000000000000
0000000000000
0000000000000
0000000000000
1AD025EEC8F21
0000000000000
0000000000000
10460673BF418
0000000000000
0000000000000
0000000000000
0000000000000
0000000000000
0000000000000
0000000000000
0000000000000
124E85484389C
104106A73A793
0000000000000
0000000000000
102C07222A283
115F3D06DC735
0000000000000
0000000000000
0000000000000
11940272E333C
0000000000000
0000000000000
0000000000000
107404390595E
0000000000000
0000000000000
0000000000000
0000000000000
0000000000000
0000000000000
0000000000000
0000000000000
0000000000000
0000000000000
0000000000000
103F05C038091
105A04E1811DA
195B84F9C6A1F
0000000000000
0000000000000
183152988F8E8
0000000000000
0000000000000
0000000000000
0000000000000
0000000000000
0000000000000
0000000000000
10150158968EF
0000000000000
0000000000000
0000000000000
105C0B81561AF
0000000000000
10243A2BE8C41
164803FE3AE93
0000000000000
18814189B7A10
0000000000000
0000000000000
10B103D0E313C
0000000000000
104F061A61ABA
104E17115B1B4
0000000000000
0000000000000
0000000000000
0000000000000
0000000000000
104910CC95CEE
1355470DD8E31
0000000000000
10400782AC305
0000000000000
0000000000000
104604D62A683
0000000000000
10420EF0FD156
0000000000000
0000000000000
0000000000000
0000000000000
0000000000000
0000000000000
0000000000000
0000000000000
0000000000000
0000000000000
17A504DE6FEC8
0000000000000
105E0F4A6FAC8
0000000000000
0000000000000
104203F01C075
0000000000000
0000000000000
0000000000000
0000000000000
0000000000000
0000000000000
0000000000000
12676426596B2
10410770BF118
1040085C6ECC7
1353074DD5E2E
0000000000000
103B0414554AE
19DD067EA6EFF
0000000000000
17D5718B60BB9
0000000000000
10220CD9DDA36
0000000000000
0000000000000
0000000000000
0000000000000
0000000000000
10630B6CE2D3B
0000000000000
0000000000000
0000000000000
0000000000000
14723B8B20B79
0000000000000
0000000000000
153004DB33B8C
0000000000000
0000000000000
103F04F6A16FA
0000000000000
102637433B394
107A25945D4B6
14D21E6B2CB85
0000000000000
0000000000000
0000000000000
0000000000000
0000000000000
0000000000000
10401CB6A36FC
0000000000000
0000000000000
10260385785D1
102C823C0DC66
0000000000000
11090B80DC135
0000000000000
0000000000000
1A3E3BAEB0F09
145240755E5B7
103C05A8C8921
179F0999ACA05
122492CAEBB44
10510884D352C
1897A91B72BCB
106A07150B564
102F40357A5D3
102891DBFBC54
1D313CAF21F7A
0000000000000
0000000000000
0000000000000
0000000000000
0000000000000
0000000000000
0000000000000
0000000000000
0000000000000
0000000000000
0000000000000
0000000000000
0000000000000
1345059DD2E2B
104F1E231236B
0000000000000
0000000000000
104D48DA58AB1
10D61277627BB
0000000000000
0000000000000
1223067AE9B42
0000000000000
0000000000000
0000000000000
0000000000000
0000000000000
0000000000000
105A04100E067
1CD604DF14F6D
0000000000000
0000000000000
0000000000000
0000000000000
0000000000000
111314193B994
0000000000000
0000000000000
0000000000000
0000000000000
0000000000000
0000000000000
0000000000000
171704DE56EAF
0000000000000
103734B4544AD
0000000000000
0000000000000
0000000000000
0000000000000
107A22B50C565
0000000000000
0000000000000
10BF05B12C185
0000000000000
0000000000000
0000000000000
0000000000000
0000000000000
0000000000000
104011BA2BA84
104D0A10AC105
0000000000000
0000000000000
0000000000000
0000000000000
162A16BB40B99
0000000000000
0000000000000
0000000000000
10470A25CF628
168942C87A8D3
10A0047D22D7B
103322B4FC555
0000000000000
0000000000000
0000000000000
0000000000000
0000000000000
0000000000000
0000000000000
0000000000000
0000000000000
0000000000000
0000000000000
0000000000000
103B04E00D066
1857071E87EE0
0000000000000
0000000000000
10592E0638691
0000000000000
0000000000000
0000000000000
10F140C828881
0000000000000
0000000000000
0000000000000
13240854BE517
0000000000000
0000000000000
0000000000000
104304606C0C5
0000000000000
10CA04D09D0F6
0000000000000
0000000000000
0000000000000
0000000000000
0000000000000
0000000000000
106103F38A3E3
0000000000000
0000000000000
0000000000000
0000000000000
0000000000000
15266227917EA
1063216CE4D3D
0000000000000
0000000000000
0000000000000
0000000000000
0000000000000
102403F1921EB
11552F93CC425
0000000000000
0000000000000
1C6D032EF2F4B
10220727BC815
0000000000000
0000000000000
12B84BB4BB514
106B03F8FF958
106504004509E
0000000000000
0000000000000
0000000000000
0000000000000
0000000000000
152604DB32B8B
0000000000000
0000000000000
0000000000000
198104EEA0EF9
107C05C38D3E6
103C04D30E367
0000000000000
0000000000000
0000000000000
0000000000000
0000000000000
0000000000000
0000000000000
0000000000000
0000000000000
0000000000000
0000000000000
0000000000000
0000000000000
103E2A1C63CBC
0000000000000
0000000000000
10370A572F788
0000000000000
0000000000000
0000000000000
0000000000000
0000000000000
0000000000000
0000000000000
129B0C1AF8B51
0000000000000
0000000000000
116404994599E
0000000000000
0000000000000
0000000000000
10660978F7950
0000000000000
0000000000000
0000000000000
0000000000000
0000000000000
0000000000000
0000000000000
0000000000000
0000000000000
0000000000000
0000000000000
0000000000000
0000000000000
0000000000000
0000000000000
0000000000000
0000000000000
0000000000000
0000000000000
0000000000000
109806E0EC145
0000000000000
0000000000000
0000000000000
104D1372BD316
0000000000000
0000000000000
0000000000000
0000000000000
0000000000000
0000000000000
0000000000000
1644506E39E92
0000000000000
0000000000000
0000000000000
0000000000000
0000000000000
10FB5F35EF648
0000000000000
155869298D9E6
0000000000000
0000000000000
107A407A8DAE6
122304D9569AF
1A6C0A2EBBF14
1717067E57EB0
0000000000000
0000000000000
0000000000000
0000000000000
0000000000000
0000000000000
0000000000000
0000000000000
0000000000000
0000000000000
102E0258B490D
145B067DFEE57
0000000000000
104005E02E087
0000000000000
10FA0BAABBB14
1426997DF1E4A
171915BB51BAA
0000000000000
0000000000000
0000000000000
0000000000000
10532246BA713
1A4941EEB2F0B
0000000000000
108A06091296B
102803331F378
0000000000000
0000000000000
0000000000000
0000000000000
0000000000000
0000000000000
167F04DE42E9B
0000000000000
0000000000000
0000000000000
0000000000000
0000000000000
0000000000000
101301A5B360C
11A115B837890
0000000000000
10A40F86CD726
131C071B08B61
0000000000000
0000000000000
0000000000000
0000000000000
0000000000000
0000000000000
0000000000000
1214121209262
0000000000000
0000000000000
0000000000000
0000000000000
0000000000000
0000000000000
0000000000000
103C08111616F
0000000000000
0000000000000
0000000000000
0000000000000
1BA8AFABB8C11
104306002D086
10412B5A2EA87
10F0522D4CDA5
0000000000000
0000000000000
118703F7727CB
0000000000000
0000000000000
0000000000000
0000000000000
0000000000000
0000000000000
0000000000000
0000000000000
11470761B8211
11210232492A2
106306181186A
109A0DED1DD76
0000000000000
15171D17907E9
14763D0E02E5B
0000000000000
0000000000000
0000000000000
0000000000000
1BE730BEE0F39
0000000000000
0000000000000
11380471771D0
10CF0506D172A
103204DC26C7F
11D7CE5D94DED
0000000000000
0000000000000
0000000000000
0000000000000
0000000000000
0000000000000
0000000000000
0000000000000
0000000000000
0000000000000
0000000000000
0000000000000
0000000000000
0000000000000
0000000000000
0000000000000
0000000000000
0000000000000
0000000000000
0000000000000
0000000000000
0000000000000
16F80419A59FE
0000000000000
102629D2AB304
0000000000000
0000000000000
0000000000000
0000000000000
0000000000000
104A06B1E323C
0000000000000
0000000000000
10212952AA303
103D0D82842DD
0000000000000
0000000000000
0000000000000
0000000000000
0000000000000
0000000000000
0000000000000
10490C48DD936
0000000000000
0000000000000
0000000000000
0000000000000
0000000000000
0000000000000
0000000000000
0000000000000
10471C17F9852
0000000000000
0000000000000
0000000000000
0000000000000
10B504E0700C9
0000000000000
0000000000000
0000000000000
0000000000000
0000000000000
0000000000000
0000000000000
0000000000000
104A05E05C0B5
0000000000000
0000000000000
0000000000000
126717FAEDB46
0000000000000
0000000000000
0000000000000
0000000000000
0000000000000
0000000000000
0000000000000
0000000000000
102E03F61D676
0000000000000
10640D725A2B3
0000000000000
0000000000000
103C1BA5C361C
0000000000000
0000000000000
108A05391196A
0000000000000
0000000000000
0000000000000
0000000000000
0000000000000
0000000000000
0000000000000
0000000000000
0000000000000
10770B43733CC
0000000000000
0000000000000
0000000000000
0000000000000
0000000000000
0000000000000
0000000000000
0000000000000
0000000000000
0000000000000
1079067A8BAE4
0000000000000
140A10A3D542E
177E77EB53BAC
1528AE8E27E80
0000000000000
10300B47D0829
0000000000000
0000000000000
0000000000000
0000000000000
0000000000000
0000000000000
0000000000000
0000000000000
137E4634934EC
0000000000000
0000000000000
0000000000000
1024025BE5C3E
0000000000000
0000000000000
0000000000000
0000000000000
0000000000000
0000000000000
0000000000000
104706E62E687
0000000000000
0000000000000
0000000000000
0000000000000
1832D8CE81EDA
0000000000000
0000000000000
0000000000000
0000000000000
0000000000000
153A29E527580
0000000000000
0000000000000
0000000000000
0000000000000
0000000000000
18FD6579BCA15
0000000000000
0000000000000
0000000000000
0000000000000
10215DE89F8F8
0000000000000
0000000000000
0000000000000
0000000000000
0000000000000
0000000000000
0000000000000
0000000000000
0000000000000
0000000000000
0000000000000
0000000000000
0000000000000
0000000000000
0000000000000
0000000000000
0000000000000
0000000000000
0000000000000
0000000000000
0000000000000
105AD0FCCCD25
0000000000000
0000000000000
0000000000000
0000000000000
0000000000000
0000000000000
0000000000000
0000000000000
0000000000000
0000000000000
1D09AD9F1CF75
0000000000000
0000000000000
0000000000000
0000000000000
12870A22F534E
103B04D03108A
0000000000000
10BF067438491
0000000000000
0000000000000
0000000000000
0000000000000
0000000000000
0000000000000
111307C5F264B
0000000000000
0000000000000
0000000000000
102C21F1C9222
10C904DAAFB08
0000000000000
1047061C8BCE4
0000000000000
11400E8D67DC0
0000000000000
1E5CDD6F3AF93
0000000000000
108708BD14D6D
0000000000000
0000000000000
0000000000000
0000000000000
1108069117170
103D05C4764CF
0000000000000
0000000000000
0000000000000
191B70D9C1A1A
103C05B2592B2
0000000000000
0000000000000
0000000000000
0000000000000
0000000000000
0000000000000
0000000000000
0000000000000
0000000000000
109B04A640699
0000000000000
0000000000000
126904D9619BA
14C7963B2AB83
0000000000000
0000000000000
0000000000000
0000000000000
0000000000000
1D9D5E6F2DF86
0000000000000
0000000000000
0000000000000
0000000000000
104A25A630689
0000000000000
12E105344349C
0000000000000
0000000000000
0000000000000
136F1993D442D
104F34874A7A3
1025053BECC45
0000000000000
0000000000000
0000000000000
0000000000000
0000000000000
0000000000000
0000000000000
0000000000000
0000000000000
0000000000000
0000000000000
0000000000000
0000000000000
0000000000000
0000000000000
0000000000000
147C0C5E07E60
0000000000000
0000000000000
0000000000000
104D15080485D
0000000000000
0000000000000
0000000000000
0000000000000
0000000000000
0000000000000
104907D0D212B
103A03F620679
0000000000000
0000000000000
0000000000000
0000000000000
10320688BB914
102C036C08C61
0000000000000
16796946746CD
0000000000000
0000000000000
0000000000000
0000000000000
17B3071B5CBB5
0000000000000
0000000000000
0000000000000
0000000000000
0000000000000
0000000000000
0000000000000
0000000000000
0000000000000
0000000000000
0000000000000
0000000000000
0000000000000
128E05E9649BD
1013012338391
14850B78678C0
0000000000000
0000000000000
0000000000000
0000000000000
1CBF418F0EF67
0000000000000
1030059A02A5B
0000000000000
0000000000000
0000000000000
104D0A02762CF
106105F1571B0
0000000000000
0000000000000
0000000000000
0000000000000
10E67957657BE
0000000000000
0000000000000
0000000000000
0000000000000
103E096A25A7E
0000000000000
102908302B084
0000000000000
0000000000000
198B0D69C8A21
0000000000000
0000000000000
0000000000000
103B05A19C1F5
103325261F678
17BF05E7B280B
0000000000000
0000000000000
0000000000000
0000000000000
12DF0E7DC8E21
0000000000000
0000000000000
156C06766D6C6
0000000000000
0000000000000
0000000000000
0000000000000
0000000000000
0000000000000
0000000000000
0000000000000
0000000000000
0000000000000
10E61C0AB6B0F
0000000000000
0000000000000
0000000000000
10D607C2D132A
0000000000000
0000000000000
0000000000000
0000000000000
103D04205A0B3
0000000000000
10510D022E287
103C04E32237B
10273E472477D
11A206394D9A6
1113D52D5ADB3
0000000000000
0000000000000
0000000000000
0000000000000
0000000000000
19925D99CAA23
0000000000000
0000000000000
0000000000000
0000000000000
112D06D10415D
102103033A393
10401D16A46FD
1047047A3BA94
0000000000000
0000000000000
0000000000000
147C36B6676C0
19E532DEA7F00
0000000000000
0000000000000
0000000000000
0000000000000
0000000000000
0000000000000
0000000000000
0000000000000
0000000000000
0000000000000
0000000000000
0000000000000
0000000000000
0000000000000
0000000000000
0000000000000
0000000000000
10491132DE337
10330695BF618
0000000000000
0000000000000
100B055BBEC17
0000000000000
0000000000000
10400713583B1
1141A83D6ADC3
0000000000000
129B2FF2C531E
13AB2DE3B9412
0000000000000
0000000000000
186504DB6EBC7
0000000000000
0000000000000
0000000000000
102F1035BD616
0000000000000
0000000000000
0000000000000
104A51A50655F
0000000000000
0000000000000
0000000000000
0000000000000
0000000000000
0000000000000
0000000000000
0000000000000
106E06781686F
0000000000000
103E1B5A27A80
102103DBD0C29
132A0676EE747
1C9532BF02F5B
0000000000000
0000000000000
0000000000000
0000000000000
0000000000000
0000000000000
10621374864DF
0000000000000
0000000000000
0000000000000
104F0D6808861
0000000000000
0000000000000
0000000000000
0000000000000
0000000000000
0000000000000
0000000000000
0000000000000
0000000000000
0000000000000
137FD0BDDDE36
10BB71E92C985
1371067DDBE34
0000000000000
0000000000000
0000000000000
101000A710769
10B106B7617BA
103304F53358C
0000000000000
0000000000000
0000000000000
0000000000000
0000000000000
13875059799D2
0000000000000
0000000000000
0000000000000
1AA4A82BA8C01
0000000000000
0000000000000
10C93B092E987
0000000000000
0000000000000
0000000000000
0000000000000
0000000000000
0000000000000
0000000000000
0000000000000
0000000000000
0000000000000
102E77AC18C71
0000000000000
0000000000000
0000000000000
106333B5E163A
11111180C111A
1042B0BC81CDA
0000000000000
0000000000000
0000000000000
0000000000000
0000000000000
0000000000000
0000000000000
0000000000000
0000000000000
0000000000000
0000000000000
0000000000000
11094FE6D7730
102306B0E613F
0000000000000
106118BCDCD35
0000000000000
10330FF7D682F
0000000000000
0000000000000
0000000000000
0000000000000
0000000000000
0000000000000
13E20614C0519
0000000000000
0000000000000
0000000000000
0000000000000
0000000000000
0000000000000
0000000000000
103D0760F214B
0000000000000
0000000000000
0000000000000
0000000000000
0000000000000
104E03F0FA153
11831416DF738
0000000000000
0000000000000
0000000000000
0000000000000
0000000000000
0000000000000
0000000000000
0000000000000
0000000000000
0000000000000
102305E29B2F4
0000000000000
0000000000000
0000000000000
0000000000000
0000000000000
0000000000000
103C0683553AE
0000000000000
0000000000000
0000000000000
19247BCE98EF1
0000000000000
0000000000000
130432F30B364
0000000000000
0000000000000
0000000000000
16A87077A17FA
0000000000000
103304241D476
0000000000000
0000000000000
0000000000000
0000000000000
0000000000000
0000000000000
0000000000000
181E067E7BED4
0000000000000
0000000000000
0000000000000
0000000000000
0000000000000
10694565E263B
125C06C2C331C
0000000000000
0000000000000
0000000000000
0000000000000
0000000000000
0000000000000
0000000000000
0000000000000
0000000000000
0000000000000
0000000000000
0000000000000
0000000000000
0000000000000
0000000000000
0000000000000
1039928A15A6E
0000000000000
0000000000000
0000000000000
0000000000000
0000000000000
0000000000000
1059271237290
0000000000000
146C08678B7E4
0000000000000
0000000000000
104303E01506E
0000000000000
0000000000000
0000000000000
10330F2C31C8A
0000000000000
10300731E623F
0000000000000
0000000000000
0000000000000
10500D78E693F
0000000000000
0000000000000
105B0610A30FC
11CC527D90DE9
0000000000000
0000000000000
0000000000000
0000000000000
129B4DBDB9E12
103D10C2C8321
104E04C2882E1
10430E150455D
0000000000000
0000000000000
0000000000000
0000000000000
0000000000000
0000000000000
0000000000000
1040ABBC76CCF
0000000000000
0000000000000
0000000000000
0000000000000
17851F5E63EBC
0000000000000
0000000000000
0000000000000
1A441F0B93BEC
0000000000000
0000000000000
0000000000000
0000000000000
0000000000000
0000000000000
0000000000000
0000000000000
0000000000000
0000000000000
0000000000000
0000000000000
0000000000000
0000000000000
0000000000000
0000000000000
0000000000000
0000000000000
0000000000000
0000000000000
1AA10D8EC1F1A
0000000000000
15DC067E35E8E
107607A818871
101D3003BC415
0000000000000
0000000000000
0000000000000
0000000000000
0000000000000
0000000000000
0000000000000
1037072C45C9E
0000000000000
14360716636BC
0000000000000
0000000000000
127A6406EB744
105005B0870E0
10B403F4B250B
117A071D7CDD5
0000000000000
0000000000000
0000000000000
0000000000000
0000000000000
157936A60F668
16230678788D1
0000000000000
0000000000000
0000000000000
107A7D2A8EAE7
102603F9EFA48
0000000000000
0000000000000
11C57C97757CE
0000000000000
0000000000000
0000000000000
0000000000000
0000000000000
106D03F1F9252
12C430734C3A5
159F04D6FD756
0000000000000
0000000000000
10220A59DCA35
18FB143B78BD1
0000000000000
0000000000000
0000000000000
0000000000000
101A01771A773
0000000000000
10A83673AF408
0000000000000
0000000000000
0000000000000
0000000000000
0000000000000
0000000000000
0000000000000
0000000000000
0000000000000
0000000000000
102604C1F424D
0000000000000
0000000000000
0000000000000
13CC0A27837DC
104255D627680
0000000000000
0000000000000
0000000000000
0000000000000
0000000000000
0000000000000
0000000000000
0000000000000
0000000000000
1C34D1DEE6F3F
10400FA4A54FE
0000000000000
0000000000000
0000000000000
0000000000000
0000000000000
0000000000000
0000000000000
0000000000000
0000000000000
0000000000000
0000000000000
0000000000000
0000000000000
0000000000000
0000000000000
10630C908B0E4
107606D10315C
0000000000000
119106C14419D
12DB1262D8331
103F211C69CC2
10F1D9FD4EDA7
0000000000000
0000000000000
0000000000000
0000000000000
0000000000000
0000000000000
0000000000000
0000000000000
0000000000000
0000000000000
0000000000000
0000000000000
0000000000000
0000000000000
0000000000000
0000000000000
0000000000000
0000000000000
0000000000000
0000000000000
0000000000000
0000000000000
0000000000000
0000000000000
0000000000000
0000000000000
0000000000000
0000000000000
0000000000000
10460687F7850
0000000000000
0000000000000
11FA05BD99DF2
0000000000000
1AF1A92BADC06
103F22B5815DA
13AE04DDE2E3B
0000000000000
161B07CB3EB97
0000000000000
0000000000000
108703D7587B1
11671EC2B530E
1023128720779
0000000000000
0000000000000
0000000000000
0000000000000
0000000000000
0000000000000
0000000000000
0000000000000
0000000000000
10225E48A28FB
10D61813C8421
0000000000000
0000000000000
0000000000000
0000000000000
0000000000000
104359E5825DB
0000000000000
0000000000000
0000000000000
0000000000000
0000000000000
168ED0DE46E9F
13333472F8351
178F37BE68EC1
0000000000000
0000000000000
0000000000000
0000000000000
0000000000000
0000000000000
0000000000000
0000000000000
0000000000000
0000000000000
0000000000000
15DC04D700759
0000000000000
0000000000000
0000000000000
0000000000000
0000000000000
0000000000000
0000000000000
0000000000000
0000000000000
129C067AF9B52
0000000000000
0000000000000
0000000000000
0000000000000
0000000000000
0000000000000
18883BA9B8A11
0000000000000
0000000000000
0000000000000
0000000000000
104C06B3883E1
12EA87284E8A7
1922345E95EEE
0000000000000
1398053DE0E39
0000000000000
0000000000000
0000000000000
0000000000000
0000000000000
0000000000000
0000000000000
104803B24B2A4
10620461AC205
0000000000000
10320348BA913
116C05B2A42FD
103F4B78D192A
0000000000000
104D227CABD04
0000000000000
0000000000000
0000000000000
1B69DC7ED2F2B
0000000000000
0000000000000
0000000000000
183FAEDB69BC2
1676624E40E99
0000000000000
0000000000000
0000000000000
10450A2A37A90
0000000000000
111C495940999
0000000000000
0000000000000
0000000000000
10981D51BF218
191295F9BEA17
0000000000000
0000000000000
11501811E523E
10530910F8151
10400D315A1B3
0000000000000
0000000000000
0000000000000
0000000000000
0000000000000
0000000000000
0000000000000
0000000000000
0000000000000
104E07363568E
0000000000000
102D0724F9552
0000000000000
10750B427B2D4
0000000000000
10160155745CD
16549579959EE
0000000000000
0000000000000
108F04809A0F3
0000000000000
0000000000000
104D1775855DE
1012019BC1C1A
0000000000000
0000000000000
0000000000000
13080E755B5B4
0000000000000
0000000000000
0000000000000
0000000000000
0000000000000
1033286A0CA65
0000000000000
0000000000000
0000000000000
0000000000000
12F531F2D9332
180010AE77ED0
0000000000000
104605BA38A91
0000000000000
0000000000000
104A0FA16E1C7
0000000000000
0000000000000
0000000000000
0000000000000
1AF24B7ECBF24
0000000000000
0000000000000
0000000000000
0000000000000
0000000000000
0000000000000
103004C1991F2
10402BC8D292B
12650FB2D7330
0000000000000
104A04A06F0C8
10982091C0219
0000000000000
0000000000000
0000000000000
0000000000000
0000000000000
0000000000000
0000000000000
0000000000000
0000000000000
0000000000000
0000000000000
0000000000000
0000000000000
0000000000000
0000000000000
0000000000000
0000000000000
0000000000000
0000000000000
0000000000000
0000000000000
10140135705C9
0000000000000
0000000000000
0000000000000
0000000000000
10A40B864269B
0000000000000
0000000000000
103003F7CE827
0000000000000
0000000000000
0000000000000
0000000000000
0000000000000
0000000000000
0000000000000
0000000000000
0000000000000
0000000000000
0000000000000
0000000000000
0000000000000
1034049C39C92
0000000000000
0000000000000
0000000000000
0000000000000
0000000000000
0000000000000
0000000000000
0000000000000
0000000000000
0000000000000
0000000000000
104A2E3C9DCF6
0000000000000
0000000000000
0000000000000
0000000000000
0000000000000
107A71590D966
0000000000000
0000000000000
10394FB4FE557
0000000000000
0000000000000
0000000000000
0000000000000
0000000000000
0000000000000
0000000000000
0000000000000
0000000000000
0000000000000
0000000000000
0000000000000
0000000000000
0000000000000
0000000000000
0000000000000
102A04904F0A8
17493CA8858DE
0000000000000
0000000000000
0000000000000
0000000000000
0000000000000
0000000000000
0000000000000
0000000000000
0000000000000
0000000000000
0000000000000
0000000000000
0000000000000
12D307196C9C5
0000000000000
1D230E7F1FF78
0000000000000
105A4DC8EF948
0000000000000
0000000000000
0000000000000
0000000000000
10220D91AA203
0000000000000
0000000000000
0000000000000
0000000000000
0000000000000
0000000000000
0000000000000
0000000000000
0000000000000
1DE1CE4F31F8A
0000000000000
0000000000000
0000000000000
0000000000000
103E22473678F
0000000000000
0000000000000
0000000000000
14790679849DD
103E560C65CBE
0000000000000
0000000000000
0000000000000
0000000000000
0000000000000
0000000000000
11662403B0409
0000000000000
104604E1891E2
0000000000000
0000000000000
0000000000000
119303FD86DDF
0000000000000
0000000000000
0000000000000
0000000000000
0000000000000
0000000000000
0000000000000
0000000000000
0000000000000
0000000000000
0000000000000
0000000000000
1063A8ACEAD43
0000000000000
0000000000000
0000000000000
0000000000000
0000000000000
0000000000000
103E0DE7E183A
0000000000000
0000000000000
0000000000000
0000000000000
0000000000000
10F207413D196
105A04D8EE947
0000000000000
0000000000000
0000000000000
0000000000000
0000000000000
0000000000000
0000000000000
0000000000000
11754055F664F
0000000000000
0000000000000
0000000000000
0000000000000
0000000000000
102D0FB729782
0000000000000
0000000000000
0000000000000
0000000000000
0000000000000
0000000000000
13696246EF748
0000000000000
0000000000000
0000000000000
0000000000000
0000000000000
0000000000000
0000000000000
103B06E8C391C
103D03B3563AF
104304573E797
126F5074E7540
0000000000000
0000000000000
0000000000000
1D6DF81F29F82
0000000000000
0000000000000
134359CDD1E2A
0000000000000
0000000000000
164433679B7F4
11B813B1EC245
1183280307360
19309B3B7EBD7
0000000000000
0000000000000
0000000000000
0000000000000
0000000000000
0000000000000
0000000000000
0000000000000
0000000000000
0000000000000
0000000000000
12CAA9BDC4E1D
10AB0C926F2C8
120C03F7777D0
14C904D9879E0
102B049C04C5D
129707144249B
0000000000000
0000000000000
0000000000000
0000000000000
0000000000000
0000000000000
0000000000000
0000000000000
0000000000000
0000000000000
0000000000000
0000000000000
0000000000000
0000000000000
10470820510AA
0000000000000
0000000000000
0000000000000
0000000000000
0000000000000
10430E8C84CDD
168EB72B49BA2
159A071E2EE87
0000000000000
0000000000000
0000000000000
0000000000000
0000000000000
0000000000000
0000000000000
105B04ECCDD26
0000000000000
10250322732CC
0000000000000
127D3E4DB4E0D
1A7167BEBCF15
0000000000000
0000000000000
0000000000000
0000000000000
0000000000000
1A6DB7DB9FBF8
0000000000000
0000000000000
0000000000000
0000000000000
0000000000000
0000000000000
10AA04D13C195
105ABDDCCBD24
0000000000000
0000000000000
0000000000000
0000000000000
0000000000000
0000000000000
0000000000000
149F05F6696C2
0000000000000
0000000000000
0000000000000
0000000000000
0000000000000
0000000000000
0000000000000
0000000000000
10F254B7687C1
0000000000000
10420794CD526
0000000000000
0000000000000
0000000000000
0000000000000
0000000000000
0000000000000
104E0DCA5EAB7
0000000000000
0000000000000
0000000000000
14100863D642F
0000000000000
0000000000000
0000000000000
0000000000000
0000000000000
0000000000000
0000000000000
0000000000000
0000000000000
0000000000000
0000000000000
0000000000000
10210B2BD4C2D
0000000000000
0000000000000
0000000000000
0000000000000
0000000000000
0000000000000
10E122B43A493
0000000000000
0000000000000
0000000000000
0000000000000
0000000000000
0000000000000
0000000000000
0000000000000
0000000000000
0000000000000
0000000000000
0000000000000
0000000000000
1079061819872
104D1645845DD
114137B43B494
0000000000000
0000000000000
0000000000000
0000000000000
0000000000000
0000000000000
0000000000000
0000000000000
0000000000000
0000000000000
14260737867DF
0000000000000
0000000000000
0000000000000
10A433D920979
16D58BFB4EBA7
0000000000000
0000000000000
0000000000000
0000000000000
0000000000000
0000000000000
0000000000000
0000000000000
0000000000000
0000000000000
104E56B6B670F
0000000000000
0000000000000
0000000000000
0000000000000
10DC1C6D44D9D
0000000000000
0000000000000
0000000000000
0000000000000
0000000000000
0000000000000
0000000000000
1061563CDDD36
10ABBA9D2BD84
0000000000000
1036023C41C9A
0000000000000
0000000000000
0000000000000
0000000000000
0000000000000
0000000000000
0000000000000
0000000000000
0000000000000
0000000000000
1B21531BB2C0B
0000000000000
0000000000000
0000000000000
0000000000000
0000000000000
0000000000000
0000000000000
1069071A7DAD6
0000000000000
0000000000000
0000000000000
0000000000000
0000000000000
0000000000000
0000000000000
0000000000000
0000000000000
0000000000000
0000000000000
0000000000000
10280BD4F7550
0000000000000
153822F60D666
0000000000000
107304A14A1A3
0000000000000
0000000000000
19A142DEA3EFC
1048715C93CEC
0000000000000
17DF8C088A8E3
0000000000000
10750D4D01D5A
10810530E213B
0000000000000
0000000000000
0000000000000
0000000000000
0000000000000
0000000000000
0000000000000
0000000000000
0000000000000
0000000000000
0000000000000
0000000000000
0000000000000
0000000000000
0000000000000
0000000000000
0000000000000
1E833E7F3BF94
0000000000000
0000000000000
0000000000000
0000000000000
0000000000000
0000000000000
0000000000000
0000000000000
0000000000000
0000000000000
0000000000000
0000000000000
0000000000000
0000000000000
0000000000000
0000000000000
0000000000000
0000000000000
0000000000000
0000000000000
0000000000000
190D037B7ABD3
0000000000000
0000000000000
0000000000000
0000000000000
0000000000000
0000000000000
0000000000000
0000000000000
0000000000000
0000000000000
105C0698F194A
0000000000000
10491FE2872E0
0000000000000
0000000000000
0000000000000
0000000000000
0000000000000
104E05340245B
0000000000000
0000000000000
0000000000000
0000000000000
0000000000000
0000000000000
0000000000000
0000000000000
0000000000000
0000000000000
116305B94499D
116658FD76DCF
0000000000000
0000000000000
10231DF6826DB
0000000000000
0000000000000
0000000000000
0000000000000
1159048D71DCA
0000000000000
0000000000000
104D5297487A1
0000000000000
0000000000000
0000000000000
0000000000000
0000000000000
1013019417470
0000000000000
0000000000000
103C0610E7140
10BF0A2AA8B01
0000000000000
0000000000000
0000000000000
0000000000000
0000000000000
102703349D4F6
0000000000000
0000000000000
0000000000000
0000000000000
0000000000000
0000000000000
104D486A57AB0
104705B3AB404
0000000000000
139806637C3D5
0000000000000
0000000000000
104F29ECB4D0D
0000000000000
0000000000000
107A0DE90C965
0000000000000
10256839ECA45
1071097CFBD54
0000000000000
0000000000000
102C226C0BC64
0000000000000
0000000000000
10662FBCEED47
104D3E353C595
15580D6B35B8E
0000000000000
0000000000000
0000000000000
0000000000000
0000000000000
1143846ACAB23
0000000000000
0000000000000
0000000000000
0000000000000
0000000000000
108B0600D412D
123015B5525AB
164166A61266B
0000000000000
104306C428481
0000000000000
0000000000000
0000000000000
0000000000000
1051075508561
0000000000000
0000000000000
0000000000000
0000000000000
0000000000000
128704D65B6B4
0000000000000
0000000000000
0000000000000
104E0606B470D
0000000000000
0000000000000
0000000000000
0000000000000
0000000000000
0000000000000
0000000000000
0000000000000
0000000000000
0000000000000
0000000000000
0000000000000
0000000000000
0000000000000
0000000000000
114F2311EB244
0000000000000
0000000000000
1043052300359
0000000000000
0000000000000
0000000000000
0000000000000
0000000000000
0000000000000
0000000000000
0000000000000
0000000000000
10750EE0FB154
0000000000000
0000000000000
0000000000000
0000000000000
14729C29839DC
1F3E03FF3EF97
106913B1511AA
12CE04DB00B59
0000000000000
0000000000000
0000000000000
1791216E6AEC3
0000000000000
0000000000000
111204864C6A5
0000000000000
10221DE44C4A5
0000000000000
0000000000000
0000000000000
0000000000000
0000000000000
0000000000000
0000000000000
0000000000000
10F112410A163
10DC8BAD45D9E
0000000000000
0000000000000
125E0876E8741
0000000000000
0000000000000
0000000000000
0000000000000
0000000000000
0000000000000
14CE35EE19E72
13973D67807D9
11EB18AD97DF0
0000000000000
0000000000000
12D407196D9C6
0000000000000
0000000000000
108509D1D322C
0000000000000
0000000000000
0000000000000
104305F08E0E7
0000000000000
0000000000000
10090068948ED
0000000000000
111C42DAC6B1F
0000000000000
0000000000000
0000000000000
108A05F4B0509
0000000000000
0000000000000
0000000000000
0000000000000
11A606C15E1B7
0000000000000
0000000000000
104115C6A66FF
0000000000000
0000000000000
0000000000000
11E2143AE2B3B
0000000000000
19A910AB86BDF
1040043C6BCC4
0000000000000
0000000000000
14800C74C251B
0000000000000
106326A6BD716
0000000000000
0000000000000
0000000000000
0000000000000
0000000000000
10732BC40645F
0000000000000
0000000000000
0000000000000
0000000000000
0000000000000
0000000000000
1025123BEEC47
1C5905FEEEF47
0000000000000
0000000000000
0000000000000
0000000000000
0000000000000
0000000000000
0000000000000
0000000000000
0000000000000
102202322327C
0000000000000
13E818BB16B6F
0000000000000
0000000000000
10300467CF828
10B909E4DD536
107F2274AF508
0000000000000
0000000000000
0000000000000
0000000000000
0000000000000
0000000000000
14CE2A15625BB
0000000000000
0000000000000
10625E08F394C
0000000000000
0000000000000
0000000000000
1E28C2EF35F8E
0000000000000
0000000000000
19EF936B8ABE3
10F909310115A
0000000000000
100B007BBDC16
0000000000000
0000000000000
0000000000000
0000000000000
1CAADCBF07F60
0000000000000
0000000000000
0000000000000
102610344E4A7
0000000000000
0000000000000
0000000000000
115323AACDB26
0000000000000
10960FD5E9642
0000000000000
0000000000000
0000000000000
119B0D41911EA
1076059908961
0000000000000
104F04D0B310C
10B10B330535E
0000000000000
0000000000000
0000000000000
0000000000000
11F705F3973F0
0000000000000
0000000000000
102C47749E4F7
0000000000000
0000000000000
0000000000000
0000000000000
0000000000000
10475668DB934
1AF810ABAFC08
0000000000000
0000000000000
0000000000000
0000000000000
0000000000000
0000000000000
0000000000000
0000000000000
0000000000000
111B0474654BE
0000000000000
0000000000000
0000000000000
10ABD6BD2CD85
0000000000000
0000000000000
102F25C53258B
104C26853B594
0000000000000
0000000000000
103E069C60CB9
0000000000000
0000000000000
0000000000000
0000000000000
0000000000000
0000000000000
0000000000000
0000000000000
0000000000000
0000000000000
0000000000000
10DC03F25C2B5
10B20863613BA
1CB805BF0CF65
17414D77AD806
0000000000000
10404B84CC525
0000000000000
0000000000000
0000000000000
103018C3533AC
0000000000000
0000000000000
0000000000000
0000000000000
1021050BD2C2B
0000000000000
0000000000000
0000000000000
0000000000000
0000000000000
0000000000000
10B109934439D
0000000000000
0000000000000
0000000000000
0000000000000
0000000000000
0000000000000
0000000000000
0000000000000
0000000000000
0000000000000
0000000000000
0000000000000
0000000000000
0000000000000
0000000000000
0000000000000
0000000000000
0000000000000
0000000000000
0000000000000
0000000000000
0000000000000
0000000000000
0000000000000
0000000000000
1781023B54BAD
102D05E0910EA
0000000000000
0000000000000
0000000000000
0000000000000
0000000000000
102A53352F588
0000000000000
0000000000000
10490C51941ED
0000000000000
0000000000000
0000000000000
0000000000000
14384B9DF4E4D
10220301711CA
104D05FCA7D00
0000000000000
0000000000000
0000000000000
10B40534614BA
104804F74179A
13BC15B85C8B5
11749CCD79DD2
10756FE6C371C
0000000000000
0000000000000
0000000000000
0000000000000
101201209C0F5
0000000000000
0000000000000
0000000000000
137827C33538E
0000000000000
0000000000000
103C3CB42147A
0000000000000
0000000000000
0000000000000
0000000000000
0000000000000
0000000000000
0000000000000
0000000000000
1076066D03D5C
0000000000000
0000000000000
0000000000000
0000000000000
0000000000000
157904FB37B90
0000000000000
0000000000000
0000000000000
0000000000000
0000000000000
0000000000000
0000000000000
0000000000000
10FBA14D51DAA
0000000000000
0000000000000
0000000000000
0000000000000
0000000000000
0000000000000
0000000000000
0000000000000
0000000000000
11500694E0539
0000000000000
0000000000000
13FF0334474A0
0000000000000
101401A4F554E
0000000000000
0000000000000
0000000000000
102E27C3DA433
0000000000000
0000000000000
0000000000000
1CF40A2F18F71
0000000000000
13AF657B12B6B
0000000000000
0000000000000
0000000000000
115F3E394399C
0000000000000
0000000000000
101A0F5BCCC25
0000000000000
0000000000000
0000000000000
15C27516FF758
0000000000000
0000000000000
0000000000000
0000000000000
0000000000000
0000000000000
105D097A6DAC6
0000000000000
0000000000000
0000000000000
0000000000000
0000000000000
126B2FB9629BB
147A05B4964EF
10E205093498D
0000000000000
105A1CECCAD23
0000000000000
0000000000000
0000000000000
0000000000000
0000000000000
10B188B92697F
13CC06760665F
0000000000000
0000000000000
0000000000000
15082E78718CA
0000000000000
10363C757C5D5
0000000000000
0000000000000
0000000000000
10246F17C281B
0000000000000
0000000000000
0000000000000
117230B3763CF
0000000000000
0000000000000
0000000000000
0000000000000
0000000000000
0000000000000
0000000000000
0000000000000
0000000000000
0000000000000
0000000000000
0000000000000
0000000000000
0000000000000
0000000000000
0000000000000
0000000000000
0000000000000
10271DBBF6C4F
1CC21EFF0FF68
0000000000000
0000000000000
0000000000000
0000000000000
0000000000000
0000000000000
0000000000000
0000000000000
0000000000000
0000000000000
0000000000000
0000000000000
102C64661A673
105122A42E487
0000000000000
0000000000000
0000000000000
10D606993198A
0000000000000
0000000000000
10258177C481D
0000000000000
0000000000000
0000000000000
0000000000000
151F0B85AA603
0000000000000
0000000000000
135546F9759CE
0000000000000
0000000000000
0000000000000
0000000000000
0000000000000
16450C561366C
10415906A7700
105006180A863
0000000000000
12673E3DAFE08
0000000000000
0000000000000
0000000000000
104504D4A64FF
104D045A50AA9
10B30590FF158
0000000000000
0000000000000
0000000000000
0000000000000
0000000000000
0000000000000
0000000000000
0000000000000
0000000000000
147E04A5A55FE
0000000000000
0000000000000
0000000000000
0000000000000
11DA0532A52FE
0000000000000
106504E0A60FF
1A48A74B95BEE
0000000000000
181D10388D8E6
0000000000000
0000000000000
0000000000000
0000000000000
0000000000000
1077053218271
104903C0E513E
137D2FB34E3A7
0000000000000
0000000000000
0000000000000
0000000000000
103B0400B0109
0000000000000
114B276D6DDC6
0000000000000
0000000000000
0000000000000
102904804B0A4
0000000000000
0000000000000
0000000000000
0000000000000
0000000000000
187F1D89B6A0F
0000000000000
0000000000000
105A5A0A68AC1
0000000000000
0000000000000
106B0865E363C
105A26431436D
1038177C49CA2
0000000000000
103E04F0690C2
0000000000000
0000000000000
0000000000000
0000000000000
0000000000000
0000000000000
0000000000000
0000000000000
0000000000000
0000000000000
0000000000000
106603B2F134A
0000000000000
0000000000000
0000000000000
0000000000000
0000000000000
0000000000000
0000000000000
0000000000000
0000000000000
0000000000000
0000000000000
103705E72E787
0000000000000
0000000000000
0000000000000
0000000000000
1AAF171EC4F1D
0000000000000
0000000000000
0000000000000
0000000000000
0000000000000
0000000000000
0000000000000
0000000000000
0000000000000
0000000000000
0000000000000
0000000000000
0000000000000
0000000000000
168707A99B9F4
0000000000000
0000000000000
0000000000000
10150145725CB
0000000000000
109A259D1ED77
0000000000000
0000000000000
0000000000000
0000000000000
106107963B694
104786EA40A99
0000000000000
0000000000000
103306FA0BA64
0000000000000
111396D93C995
0000000000000
10490490650BE
0000000000000
0000000000000
0000000000000
0000000000000
0000000000000
0000000000000
0000000000000
0000000000000
0000000000000
0000000000000
0000000000000
0000000000000
0000000000000
0000000000000
0000000000000
0000000000000
0000000000000
13340264924EB
10241368A68FF
103D0893DD436
10271F58AD906
103B6B88C691F
0000000000000
0000000000000
0000000000000
105B041028081
0000000000000
0000000000000
11E450983B894
141304D5A25FB
0000000000000
