0000000000000
0000000000000
0000000000000
16F3292E53EAC
1AD103FEC9F22
0000000000000
0000000000000
0000000000000
111CA14D5CDB5
0000000000000
0000000000000
0000000000000
115D0531901E9
0000000000000
119818E4B7510
104D0A02762CF
103E3E2C64CBD
0000000000000
10BF067438491
0000000000000
0000000000000
108B1FCD17D70
0000000000000
0000000000000
0000000000000
0000000000000
0000000000000
0000000000000
10A40B864269B
0000000000000
102902D2DB334
0000000000000
0000000000000
0000000000000
103C1DE1DB234
0000000000000
0000000000000
106004DA70AC9
0000000000000
0000000000000
0000000000000
10301F119A1F3
120B0434904E9
126A05D65A6B3
0000000000000
102891DBFBC54
0000000000000
10472B24A7500
13C203EDE8E41
0000000000000
0000000000000
0000000000000
0000000000000
10414BE73C795
111204864C6A5
0000000000000
0000000000000
0000000000000
0000000000000
0000000000000
1A2E1FEB8DBE6
0000000000000
193D1C19C5A1E
0000000000000
0000000000000
104C5EDA4FAA8
0000000000000
122F0863993F2
0000000000000
0000000000000
0000000000000
0000000000000
102106331E377
0000000000000
102496EBEAC43
0000000000000
0000000000000
0000000000000
19C0046EA4EFD
0000000000000
103E3A236D3C6
0000000000000
0000000000000
0000000000000
0000000000000
0000000000000
10490C51941ED
13C604DDEAE43
0000000000000
0000000000000
0000000000000
10980DB0840DD
10A40F86CD726
0000000000000
11B803E94E9A7
169E0CDE4AEA3
0000000000000
0000000000000
105F1372502A9
17340B770F768
0000000000000
161B07CB3EB97
0000000000000
0000000000000
0000000000000
0000000000000
0000000000000
0000000000000
103B295500559
101501A9CEA27
0000000000000
0000000000000
0000000000000
0000000000000
103909157F5D8
17B4227E71ECA
0000000000000
0000000000000
0000000000000
0000000000000
0000000000000
10301A132137A
0000000000000
0000000000000
0000000000000
11AC0311541AD
121B067AE8B41
0000000000000
0000000000000
0000000000000
10C1A89AABB04
11C048BD8DDE6
105103F0F7150
108004D0480A1
138705B8598B2
0000000000000
0000000000000
0000000000000
0000000000000
17DA04DE76ECF
103B275C4FCA8
0000000000000
0000000000000
137FCBADDCE35
0000000000000
0000000000000
0000000000000
0000000000000
103104F6916EA
17C0E9DE74ECD
0000000000000
0000000000000
0000000000000
102F25C53258B
12C05925595B2
128A04DDB6E0F
0000000000000
103504A0D9132
0000000000000
0000000000000
0000000000000
102D86EC13C6C
0000000000000
103D05C4764CF
0000000000000
0000000000000
0000000000000
0000000000000
0000000000000
0000000000000
0000000000000
0000000000000
0000000000000
0000000000000
10F21303C9422
102D0602EA343
0000000000000
0000000000000
0000000000000
103D04C4754CE
10F072C7667BF
0000000000000
10254918AA903
18D5280E8EEE7
103E34A36C3C5
149404DB26B7F
0000000000000
105D3E45DD636
0000000000000
108A26B54659F
0000000000000
0000000000000
10E122B43A493
0000000000000
0000000000000
1BE9130EE1F3A
16D670E87C8D5
0000000000000
0000000000000
104D06821226B
103D437A22A7B
0000000000000
1699D49E49EA2
0000000000000
0000000000000
12412461EE247
1C86E14EF9F52
0000000000000
104105B53658F
104D87E8E493D
0000000000000
115556483188A
1DA9067F2EF87
10F254B7687C1
10490450B510E
0000000000000
1041053C78CD1
0000000000000
0000000000000
0000000000000
0000000000000
0000000000000
104904D50555E
104D07063468D
0000000000000
164166A61266B
0000000000000
1038103C48CA1
0000000000000
1585022B38B91
0000000000000
1C58CA7EEDF46
0000000000000
0000000000000
0000000000000
147C0D7E08E61
0000000000000
1791216E6AEC3
104907D0D212B
0000000000000
0000000000000
0000000000000
13340264924EB
0000000000000
0000000000000
0000000000000
0000000000000
0000000000000
0000000000000
0000000000000
103322B4FC555
149C067609662
0000000000000
0000000000000
12DB227B01B5A
0000000000000
0000000000000
1CB205FF0AF63
0000000000000
0000000000000
0000000000000
0000000000000
0000000000000
104809704309C
10340DC12F188
0000000000000
0000000000000
0000000000000
0000000000000
1040085C6ECC7
0000000000000
102803F13E197
0000000000000
115C04D3753CE
0000000000000
1109040D56DAF
16E00FC9A19FA
0000000000000
0000000000000
11FF0A2AE7B40
0000000000000
0000000000000
0000000000000
0000000000000
10FA0BAABBB14
0000000000000
0000000000000
104D1B03E0439
0000000000000
0000000000000
125A56484589E
0000000000000
0000000000000
0000000000000
0000000000000
129F2B29699C2
0000000000000
0000000000000
1102164939992
0000000000000
0000000000000
1CDE4FFF15F6E
0000000000000
0000000000000
10404B84CC525
0000000000000
1059271237290
0000000000000
0000000000000
0000000000000
0000000000000
0000000000000
19487A8E9BEF4
105008153E597
0000000000000
0000000000000
107A71A6C8721
0000000000000
1B0F05BBB0C09
11BF04A4B8511
0000000000000
0000000000000
103C0BE1E223B
152216D66C6C5
10870991831DC
0000000000000
0000000000000
0000000000000
0000000000000
0000000000000
10FB5F35EF648
1827B76B64BBD
0000000000000
10400C51BE217
0000000000000
0000000000000
10411DB1DC235
0000000000000
0000000000000
0000000000000
0000000000000
0000000000000
0000000000000
0000000000000
167D067E41E9A
11626376516AA
11AB013ADFB38
0000000000000
106343D4D7530
0000000000000
0000000000000
0000000000000
10140146786D1
12C8071AFFB58
0000000000000
0000000000000
10511DF5875E0
0000000000000
129B2FF2C531E
0000000000000
103E29A30F368
0000000000000
105F03F63A693
11C416F1701C9
0000000000000
0000000000000
0000000000000
0000000000000
0000000000000
0000000000000
11CB05B308361
0000000000000
0000000000000
112035DD5EDB7
0000000000000
0000000000000
0000000000000
0000000000000
0000000000000
0000000000000
11D304D2992F2
18A81CD9B9A12
0000000000000
0000000000000
0000000000000
1030059A02A5B
0000000000000
0000000000000
0000000000000
0000000000000
0000000000000
0000000000000
0000000000000
0000000000000
0000000000000
0000000000000
0000000000000
12CAA9BDC4E1D
0000000000000
0000000000000
178604AB56BAF
103004949F4F8
103C06E69B6F4
0000000000000
0000000000000
10D605F82487D
0000000000000
13AB2DE3B9412
103404CC3AC93
0000000000000
103C06673278B
105ABDDCCBD24
0000000000000
0000000000000
0000000000000
104D130CA9D02
12AC0ECAFAB53
0000000000000
103C05E73178A
14162A93F144A
0000000000000
0000000000000
0000000000000
13B10FC3A23FB
0000000000000
0000000000000
10592E92CD326
0000000000000
0000000000000
0000000000000
0000000000000
104803F310369
0000000000000
0000000000000
14A30136F574E
0000000000000
1775BA3B52BAB
0000000000000
108F05343548E
0000000000000
0000000000000
103006121526E
0000000000000
0000000000000
0000000000000
0000000000000
1E8D051F3DF96
17B50E89AFA08
1753071E5DEB6
1C9123AF00F59
0000000000000
0000000000000
0000000000000
0000000000000
104C06A0800D9
0000000000000
0000000000000
13731D88588B1
0000000000000
0000000000000
0000000000000
0000000000000
0000000000000
0000000000000
115739D3633BC
105006963668F
105B48B8F0949
0000000000000
0000000000000
102A2E3619672
0000000000000
0000000000000
0000000000000
105006180A863
0000000000000
0000000000000
18AF1999BBA14
0000000000000
0000000000000
159805F7957EE
0000000000000
0000000000000
0000000000000
0000000000000
0000000000000
0000000000000
0000000000000
0000000000000
0000000000000
0000000000000
0000000000000
106308A42F488
0000000000000
0000000000000
0000000000000
0000000000000
10340244A24FB
10500492CB324
126B2FB9629BB
10630920530AC
107A7D2A8EAE7
10215DE89F8F8
0000000000000
10480673AC405
0000000000000
141E2EB8608B9
0000000000000
0000000000000
0000000000000
0000000000000
14100863D642F
104D15080485D
11934F15515AA
12871DC84A8A3
0000000000000
0000000000000
0000000000000
10777287567AF
0000000000000
0000000000000
0000000000000
0000000000000
0000000000000
0000000000000
0000000000000
0000000000000
197A128E9DEF6
0000000000000
0000000000000
0000000000000
0000000000000
0000000000000
13890C73B8411
103F0E07E383C
0000000000000
18F63BDB76BCF
104A58E74479D
107A03F909962
10DC1C6D44D9D
0000000000000
0000000000000
0000000000000
0000000000000
10470820510AA
102120B9D6A2F
0000000000000
192D3ED9C3A1C
14387C37877E0
0000000000000
0000000000000
1A8EAC4BA4BFD
14860FDB25B7E
0000000000000
0000000000000
0000000000000
0000000000000
143A9CAB18B71
11526936DA733
110C0425945ED
10B327EAA5AFE
109E0A26CB724
0000000000000
0000000000000
0000000000000
0000000000000
0000000000000
106604CCEDD46
14CBE1EE18E71
0000000000000
10C503E6D0729
0000000000000
0000000000000
103B0C56986F1
0000000000000
0000000000000
101344EBC3C1C
0000000000000
0000000000000
0000000000000
0000000000000
0000000000000
0000000000000
13B041EDE4E3D
0000000000000
1A3E3BAEB0F09
10378A48C291B
13F40DEDEEE47
0000000000000
0000000000000
1476867E03E5C
0000000000000
11531FEACCB25
0000000000000
0000000000000
1832D8CE81EDA
1E15024F34F8D
0000000000000
0000000000000
13A10FD4EB544
12BF0222B7310
147B361B21B7A
0000000000000
0000000000000
0000000000000
0000000000000
17260679A7A00
10C904DAAFB08
1C6E05DEF3F4C
0000000000000
0000000000000
10330B33833DC
0000000000000
10B103F4DA533
0000000000000
104C3CA5D462D
0000000000000
0000000000000
0000000000000
101301B56F5C8
0000000000000
107117790495D
0000000000000
0000000000000
0000000000000
13555C78548AD
104F0D430235B
0000000000000
11830B240B464
0000000000000
0000000000000
0000000000000
0000000000000
0000000000000
105A03FA66ABF
0000000000000
0000000000000
0000000000000
0000000000000
0000000000000
11F91DC1AD206
102B049C04C5D
0000000000000
1033053C2FC88
0000000000000
0000000000000
108A05391196A
0000000000000
19D604DEA5EFE
0000000000000
11239A8AC8B21
0000000000000
0000000000000
0000000000000
0000000000000
0000000000000
0000000000000
0000000000000
0000000000000
1033043C2DC86
0000000000000
0000000000000
0000000000000
0000000000000
0000000000000
0000000000000
104F03C3E243B
0000000000000
0000000000000
1051227CBBD14
0000000000000
11583DE83288B
0000000000000
0000000000000
0000000000000
0000000000000
0000000000000
103B05D29E2F7
103F0503FC455
0000000000000
0000000000000
0000000000000
0000000000000
0000000000000
0000000000000
0000000000000
0000000000000
0000000000000
0000000000000
0000000000000
0000000000000
16D9E71E4FEA8
103705E72E787
1C4ED16EEAF43
1C97338F04F5D
0000000000000
102708A8AC905
10E10532D232B
0000000000000
0000000000000
0000000000000
103B0451DA233
103F048010069
10461243863DF
1AC70A2EC5F1E
0000000000000
14742D5608661
109604830435D
0000000000000
1B04280ECCF25
0000000000000
10430470830DC
104705A4794D2
104124322C285
104F06C42B484
10225E48A28FB
0000000000000
0000000000000
12F70602C631F
110C0A282A883
0000000000000
0000000000000
11500694E0539
0000000000000
0000000000000
0000000000000
0000000000000
0000000000000
104704A0EE147
0000000000000
129C045DBAE13
0000000000000
0000000000000
11071814644BD
0000000000000
104305F08E0E7
0000000000000
106118BCDCD35
0000000000000
0000000000000
0000000000000
0000000000000
126AA93AEFB48
16FF05370D766
0000000000000
0000000000000
104F04C03608F
105305BCBFD18
0000000000000
101B0F589C8F5
0000000000000
0000000000000
10421612C9322
104A5667FE857
0000000000000
11EB37B6E373C
0000000000000
18161FEE78ED1
106648F8F9952
10430771781D1
104706A8DA933
0000000000000
0000000000000
12BA59C60265B
0000000000000
0000000000000
0000000000000
0000000000000
0000000000000
0000000000000
0000000000000
105904180E867
0000000000000
0000000000000
0000000000000
0000000000000
0000000000000
11935F9ADAB33
0000000000000
0000000000000
106326A6BD716
1AAE04EBA9C02
162512A70575E
10260341BB214
1CB405BF0BF64
104139BC79CD2
101A01771A773
107F2274AF508
105D04CCD4D2D
0000000000000
177C029E60EB9
14B004E9869DF
0000000000000
0000000000000
0000000000000
0000000000000
0000000000000
1897A91B72BCB
152F0D84F254B
0000000000000
0000000000000
105FA75CD8D31
105A16718B1E4
0000000000000
0000000000000
104E086A5BAB4
0000000000000
0000000000000
0000000000000
0000000000000
106504E0A60FF
0000000000000
17BF05E7B280B
103B1D5A18A71
0000000000000
0000000000000
104D380CAED07
0000000000000
105B268CD0D29
10360D84734CC
1040ABBC76CCF
0000000000000
0000000000000
0000000000000
13C632D97E9D7
13AF07D41346C
11501811E523E
10DC0E6AB5B0E
0000000000000
10D8CFCD43D9C
0000000000000
106904D6BF718
10482AF5D0629
111704D0EF148
108508638E3E7
1079061819872
103209DA06A5F
0000000000000
0000000000000
10460DCC8ACE3
0000000000000
0000000000000
0000000000000
107F27FA90AE9
13503F33EC445
0000000000000
0000000000000
11552F93CC425
0000000000000
0000000000000
0000000000000
107F267D10D69
0000000000000
0000000000000
0000000000000
0000000000000
0000000000000
0000000000000
0000000000000
0000000000000
12CA04D410469
0000000000000
0000000000000
0000000000000
0000000000000
0000000000000
0000000000000
0000000000000
126F06659D5F6
0000000000000
106A11320625F
132104D65E6B7
102204946E4C7
0000000000000
1406833DEFE48
10761400EB144
0000000000000
0000000000000
0000000000000
0000000000000
0000000000000
14850B78678C0
0000000000000
0000000000000
106321224E2A7
0000000000000
0000000000000
102604C1F424D
10C8067AAEB07
0000000000000
0000000000000
0000000000000
0000000000000
0000000000000
0000000000000
102B9B79FBA54
0000000000000
103E0720DE137
103025968F6E8
0000000000000
0000000000000
0000000000000
0000000000000
0000000000000
0000000000000
0000000000000
0000000000000
0000000000000
181A08DE7AED3
1071097CFBD54
0000000000000
0000000000000
0000000000000
12D605A96E9C7
0000000000000
14AC4DE4EE547
103204DC26C7F
13FF02197F9D8
0000000000000
0000000000000
102A8A19FAA53
103E06A42247B
0000000000000
0000000000000
14360716636BC
102E05EC15C6E
0000000000000
0000000000000
0000000000000
113704D64E6A7
0000000000000
1A3007AEAAF03
0000000000000
0000000000000
0000000000000
0000000000000
0000000000000
14220868618BA
0000000000000
0000000000000
0000000000000
0000000000000
0000000000000
11F2130AE6B3F
0000000000000
0000000000000
18D8071B75BCE
128B05BAF3B4C
0000000000000
0000000000000
119603F23F298
0000000000000
11D9074AE1B3A
0000000000000
0000000000000
0000000000000
0000000000000
0000000000000
0000000000000
0000000000000
0000000000000
1599B43E2DE86
0000000000000
0000000000000
0000000000000
0000000000000
0000000000000
11E4722D96DEF
10420497EE847
0000000000000
0000000000000
0000000000000
0000000000000
0000000000000
104A05B24D2A6
0000000000000
0000000000000
0000000000000
0000000000000
149D04DB27B80
0000000000000
0000000000000
11F254B6E473D
0000000000000
106D0D881586E
135546F9759CE
103A03F620679
105909908F0E8
104355AC86CDF
10710C75E563E
103F128737790
0000000000000
0000000000000
1338700B0AB63
0000000000000
0000000000000
0000000000000
0000000000000
103F110C68CC1
0000000000000
0000000000000
118A03E43D496
0000000000000
0000000000000
0000000000000
102E02E7CB824
1CEC061F16F6F
10460742A02F9
1E40067F38F91
0000000000000
0000000000000
1033123C32C8B
0000000000000
0000000000000
104A06332637F
10AC0BA130189
10420794CD526
148503F8668BF
105A1BF5DA633
0000000000000
1032025C23C7C
107A5DA7577B0
1040275C74CCD
10231DF6826DB
1A5BCA6EB6F0F
0000000000000
0000000000000
0000000000000
106356254259B
10C4700D3CD95
0000000000000
1825021B63BBC
0000000000000
10336D98BE917
0000000000000
0000000000000
0000000000000
107A22A3603B9
0000000000000
101D0113503A9
14800C74C251B
0000000000000
15555A65675C0
0000000000000
0000000000000
12BD06B4BC515
102103E67C6D5
1F43D97F3FF98
10F92B47697C2
0000000000000
0000000000000
0000000000000
0000000000000
0000000000000
134359CDD1E2A
0000000000000
105C04374E7A7
0000000000000
0000000000000
152641898A9E3
0000000000000
10BB05DD38D91
0000000000000
103D0D929F2F8
110206921E277
10AB061D29D82
0000000000000
111335B32D386
0000000000000
0000000000000
0000000000000
0000000000000
0000000000000
0000000000000
105108A4844DD
0000000000000
0000000000000
15542805AB604
103E3C76A06F9
0000000000000
0000000000000
0000000000000
0000000000000
0000000000000
0000000000000
10BB0451871E0
10485ADA45A9E
0000000000000
113C2C327D2D6
0000000000000
186C04D9B5A0E
0000000000000
0000000000000
0000000000000
0000000000000
0000000000000
0000000000000
0000000000000
11D0071D92DEB
0000000000000
0000000000000
0000000000000
0000000000000
0000000000000
0000000000000
0000000000000
0000000000000
0000000000000
0000000000000
103018C3533AC
0000000000000
0000000000000
1033286A0CA65
0000000000000
0000000000000
0000000000000
0000000000000
0000000000000
10740497557AE
0000000000000
0000000000000
101501771576E
0000000000000
0000000000000
0000000000000
0000000000000
102104E89E8F7
142104D51F578
107C05BD0DD66
14CF04D6F9752
0000000000000
0000000000000
0000000000000
0000000000000
102104689D8F6
0000000000000
0000000000000
0000000000000
0000000000000
1373863B0FB68
11F22ED48F4E8
1025053BECC45
10740611681C1
103D0893DD436
152604DB32B8B
0000000000000
0000000000000
0000000000000
102904804B0A4
0000000000000
0000000000000
0000000000000
10A48DBD25D7E
10AB0C926F2C8
0000000000000
0000000000000
123B07A33238B
11C7199838891
0000000000000
0000000000000
0000000000000
0000000000000
108404D219272
146C08678B7E4
0000000000000
1191077D85DDE
0000000000000
103D071A1DA76
15EF10A70175A
0000000000000
0000000000000
104D03D2912EA
16E50749A29FB
0000000000000
0000000000000
0000000000000
0000000000000
0000000000000
10A403D1CF228
183504DE83EDC
0000000000000
0000000000000
0000000000000
103D061A1CA75
116D8909479A0
11D716D839892
0000000000000
0000000000000
0000000000000
0000000000000
1049836A47AA0
103D05973378C
0000000000000
0000000000000
0000000000000
0000000000000
0000000000000
0000000000000
18693DE8918EA
1054D1ACC5D1E
0000000000000
0000000000000
0000000000000
0000000000000
0000000000000
0000000000000
0000000000000
103D0490BA113
0000000000000
0000000000000
0000000000000
0000000000000
15DC067E35E8E
1345B3BB0BB64
12F631731C375
0000000000000
0000000000000
18FC77CE8FEE8
0000000000000
123A12484289B
0000000000000
137D2FB34E3A7
104104E2552AE
0000000000000
0000000000000
0000000000000
10510722922EB
0000000000000
10EF04E1B420D
0000000000000
0000000000000
0000000000000
0000000000000
123703D2E533E
0000000000000
0000000000000
104904000C065
0000000000000
0000000000000
0000000000000
10BF0A2AA8B01
11749CCD79DD2
0000000000000
0000000000000
1049048007060
0000000000000
0000000000000
105D3814D552E
143A3397887E1
0000000000000
105105AA64ABD
104D04D1B220B
0000000000000
0000000000000
0000000000000
105145D5885E1
103C11B7DB834
0000000000000
10A404D75B7B4
104D045A50AA9
11A0943D88DE1
0000000000000
187F1D89B6A0F
109806E0EC145
0000000000000
0000000000000
0000000000000
102D03D728781
0000000000000
0000000000000
0000000000000
0000000000000
0000000000000
0000000000000
1C8FD1CEFFF58
0000000000000
0000000000000
0000000000000
0000000000000
0000000000000
0000000000000
0000000000000
1024025BE5C3E
0000000000000
155C05F6FC755
1025123BEEC47
0000000000000
0000000000000
102A631C01C5A
106967BCF1D4A
0000000000000
0000000000000
11CC527D90DE9
0000000000000
0000000000000
0000000000000
0000000000000
0000000000000
0000000000000
0000000000000
130704E84F8A8
105B04D0490A2
0000000000000
10630773E343C
105F0425DE637
0000000000000
116447DD75DCE
0000000000000
0000000000000
0000000000000
0000000000000
10173139D2A2B
0000000000000
0000000000000
0000000000000
104D18DCAAD03
0000000000000
116484094699F
14AE067E10E69
103D1D9A1FA78
115369664F6A8
0000000000000
0000000000000
0000000000000
0000000000000
0000000000000
0000000000000
0000000000000
0000000000000
0000000000000
0000000000000
10480A28DC935
108F0D691496D
0000000000000
0000000000000
1C8BCDFEFCF55
0000000000000
15A449C7967EF
0000000000000
0000000000000
155C0678728CB
102511BBEDC46
0000000000000
0000000000000
104A6A9C9FCF8
0000000000000
0000000000000
14F71EF9899E2
0000000000000
0000000000000
14380A5DF3E4C
160E02470275B
102777A9F5A4E
0000000000000
0000000000000
0000000000000
0000000000000
0000000000000
0000000000000
0000000000000
107F07AD0FD68
103F3A54A44FD
0000000000000
102227CBDCC35
0000000000000
19CF071B89BE2
0000000000000
12042123983F1
0000000000000
0000000000000
0000000000000
117404E3CD426
11B813B1EC245
0000000000000
0000000000000
106303F34239B
0000000000000
0000000000000
0000000000000
0000000000000
0000000000000
101001C71276B
0000000000000
0000000000000
13DD0B87847DD
0000000000000
0000000000000
10A81DAD27D80
0000000000000
10300B47D0829
10140194F454D
0000000000000
0000000000000
172704DE59EB2
0000000000000
0000000000000
0000000000000
107B04D38C3E5
0000000000000
112904525D2B6
103C08BA19A72
106B071239292
1D9D5E6F2DF86
0000000000000
0000000000000
0000000000000
0000000000000
1B2305FBB3C0C
0000000000000
183225EB67BC0
0000000000000
104D12D2B130A
0000000000000
0000000000000
1034051C3BC94
0000000000000
0000000000000
0000000000000
0000000000000
0000000000000
0000000000000
0000000000000
0000000000000
0000000000000
118805F13518E
0000000000000
1230249228281
0000000000000
14F603952557E
103004C1991F2
0000000000000
0000000000000
10C209964669F
10D6052D3FD98
111D0863933EC
0000000000000
14D60514F0549
102D9539FDA56
1034049C39C92
0000000000000
103C063C55CAE
1129893D63DBC
0000000000000
0000000000000
10C93B092E987
1037B49C46C9F
0000000000000
103734B4544AD
103C05B2592B2
0000000000000
128E94BAF5B4E
109095291696F
108F04E317370
0000000000000
0000000000000
0000000000000
103C05318C1E5
0000000000000
10A41151761CF
11BF0C727E2D7
0000000000000
0000000000000
14F7D18E1FE78
0000000000000
0000000000000
0000000000000
0000000000000
10415315CB624
0000000000000
0000000000000
0000000000000
0000000000000
103C043C52CAB
1033711C36C8F
1654275E3BE94
0000000000000
104C06F03308C
0000000000000
0000000000000
153C33A4F354C
103C03B20325C
10400403AA403
0000000000000
0000000000000
104C067CA1CFA
16A1067B4BBA4
0000000000000
0000000000000
105337E8EB944
0000000000000
0000000000000
1488D02E0CE65
104045B6A56FE
0000000000000
123603F28E2E7
0000000000000
105C18BCD3D2C
0000000000000
0000000000000
0000000000000
10634BA50A563
0000000000000
0000000000000
124A0481F324C
140009751E577
0000000000000
14480719819DA
0000000000000
104C04F12A183
0000000000000
0000000000000
0000000000000
0000000000000
104A27EA4BAA4
1468199607660
10280DA7C681F
0000000000000
10251CB6836DC
0000000000000
0000000000000
168ED0DE46E9F
11A115B837890
0000000000000
14712E98638BC
104C05F20E267
16A105F99E9F7
0000000000000
11290C56D9732
0000000000000
0000000000000
0000000000000
18FB143B78BD1
10F2065207260
0000000000000
0000000000000
0000000000000
168942C87A8D3
1A6797DB9DBF6
14751164ED546
104709FC8DCE6
12C430734C3A5
13520BA8528AB
0000000000000
0000000000000
0000000000000
0000000000000
0000000000000
104D2A580585E
110C067AC1B1A
0000000000000
0000000000000
0000000000000
0000000000000
0000000000000
0000000000000
0000000000000
1023032BE1C3A
115B04D6506A9
105E0476BC715
0000000000000
0000000000000
18BD0678938EC
19852DEB83BDC
1B21531BB2C0B
0000000000000
0000000000000
0000000000000
1017013BC6C1F
0000000000000
0000000000000
104E183CB0D09
0000000000000
0000000000000
105A0622CE327
0000000000000
10370CB57D5D6
18038669B1A0A
0000000000000
14134589809D9
0000000000000
1BAF16EEDAF33
0000000000000
0000000000000
10321F0C29C82
10392CCC4BCA4
0000000000000
103B0C82672C0
12DF0E7DC8E21
0000000000000
0000000000000
0000000000000
0000000000000
103C3CB42147A
106A04E1CD226
0000000000000
0000000000000
146A04DDFFE58
141304D5A25FB
115F868AD3B2C
0000000000000
0000000000000
0000000000000
0000000000000
0000000000000
0000000000000
0000000000000
0000000000000
0000000000000
107606D10315C
0000000000000
0000000000000
0000000000000
0000000000000
0000000000000
10C10466CF728
0000000000000
0000000000000
0000000000000
0000000000000
0000000000000
10637327537AC
147E066B22B7B
0000000000000
0000000000000
107607D54559E
0000000000000
16EA1AF7A7800
0000000000000
0000000000000
1162D32D74DCD
0000000000000
103D2A18CC925
0000000000000
11400E8D67DC0
0000000000000
117437651356C
10230420970F0
0000000000000
0000000000000
0000000000000
101301641646F
1B46CF2ED0F29
0000000000000
0000000000000
0000000000000
10A46C8A9AAF3
105E03F40545E
0000000000000
0000000000000
0000000000000
0000000000000
102704F2822DB
0000000000000
1A441F0B93BEC
0000000000000
0000000000000
10960FD5E9642
153A29E527580
115D226D73DCC
0000000000000
0000000000000
105953FCC7D20
0000000000000
0000000000000
10307A77D382C
0000000000000
1373690B0EB67
0000000000000
0000000000000
0000000000000
1048715C93CEC
118304783588E
198D268B84BDD
138D06734F3A8
0000000000000
104A91CA4DAA6
0000000000000
0000000000000
1A4941EEB2F0B
11231AF16A1C3
1182141AD8B31
0000000000000
105122A42E487
1486048E0BE64
0000000000000
1C87349EFAF53
17277A89A8A01
0000000000000
1033046A09A62
1032946C2BC84
0000000000000
0000000000000
0000000000000
0000000000000
0000000000000
11A303F2702C9
103304E04109A
1034774A11A6A
0000000000000
104703F2EC345
0000000000000
127D39BDB3E0C
0000000000000
165091EB44B9D
0000000000000
0000000000000
1D30071F20F79
0000000000000
1086071D13D6C
0000000000000
0000000000000
1A6C0A2EBBF14
0000000000000
103F045128181
108E05303A093
159703F56C5C5
0000000000000
0000000000000
105E0E774F7A8
11830777717CA
15DD568B3DB96
103F04D00605F
103B0400B0109
0000000000000
115530C4664BF
0000000000000
0000000000000
1077793D06D5F
0000000000000
0000000000000
11FA067D9ADF3
0000000000000
0000000000000
104F061A61ABA
140218B4944ED
0000000000000
10392246976F0
16FB0719A69FF
0000000000000
10216E171E777
1040743A2CA85
0000000000000
0000000000000
185A088E8AEE3
0000000000000
0000000000000
0000000000000
104704F4CF528
1043052300359
0000000000000
10699A6CF2D4B
0000000000000
0000000000000
0000000000000
12D30E8DC6E1F
1047047A3BA94
10C5CDCD3DD96
0000000000000
0000000000000
103703323328C
0000000000000
0000000000000
0000000000000
0000000000000
13A104851C575
1063B85CECD45
0000000000000
0000000000000
1CA2049F06F5F
14AE7AA8698C2
0000000000000
0000000000000
10261D14C7520
1781027E62EBB
0000000000000
0000000000000
0000000000000
114137B43B494
109110A2562AF
0000000000000
108F3162C0319
0000000000000
0000000000000
0000000000000
1053046CBED17
0000000000000
0000000000000
1047067A3CA95
11F20652642BD
0000000000000
0000000000000
107D1C11C421D
14F7652E1EE77
125704D51656F
0000000000000
1901249B79BD2
0000000000000
0000000000000
0000000000000
105D05919D1F6
0000000000000
0000000000000
0000000000000
0000000000000
0000000000000
107A12AD07D60
12B60674684C1
0000000000000
0000000000000
0000000000000
0000000000000
0000000000000
10AC05FD2DD86
101A0123F544E
0000000000000
0000000000000
104A4815835DC
0000000000000
117A03F76F7C8
0000000000000
0000000000000
0000000000000
0000000000000
103D3E1A21A7A
10160155745CD
0000000000000
0000000000000
0000000000000
0000000000000
0000000000000
0000000000000
0000000000000
124D98895C9B5
0000000000000
0000000000000
0000000000000
10AC06775F7B8
0000000000000
1061046030089
0000000000000
11820E1AD7B30
0000000000000
0000000000000
0000000000000
0000000000000
1AAF171EC4F1D
12B605F39F3F8
0000000000000
14C003F86A8C3
0000000000000
0000000000000
0000000000000
1CB805BF0CF65
0000000000000
1C6D032EF2F4B
0000000000000
0000000000000
0000000000000
117A067D7BDD4
0000000000000
0000000000000
0000000000000
0000000000000
1859405E89EE2
0000000000000
0000000000000
0000000000000
0000000000000
10260710750CE
0000000000000
0000000000000
171904DE58EB1
0000000000000
0000000000000
10242759E5A3E
0000000000000
12380B39589B1
0000000000000
0000000000000
0000000000000
10B3706D33D8C
100A00E7B480D
0000000000000
0000000000000
0000000000000
0000000000000
156E05F8738CC
0000000000000
0000000000000
0000000000000
110703CD53DAC
10282529F7A50
0000000000000
10E629EAB7B10
0000000000000
1012018BC0C19
0000000000000
0000000000000
0000000000000
0000000000000
130432F30B364
0000000000000
0000000000000
0000000000000
12CE04DB00B59
0000000000000
0000000000000
0000000000000
10260499F0A49
164B3DD6726CB
0000000000000
1673067B47BA0
0000000000000
0000000000000
117A05FD7ADD3
14E049266A6C3
142A04D55D5B6
0000000000000
0000000000000
0000000000000
0000000000000
179227EB5ABB3
0000000000000
11B43D643E497
0000000000000
0000000000000
103E0775C561E
0000000000000
125C5DB59B5F4
0000000000000
0000000000000
1E5CDD6F3AF93
0000000000000
10C518B3923EB
0000000000000
147B6B78658BE
0000000000000
168EB72B49BA2
11671EC2B530E
0000000000000
0000000000000
0000000000000
0000000000000
0000000000000
143A071DF6E4F
0000000000000
10A433D920979
10220B4BDAC33
114F03E1B9212
108505B90F968
10669E7A7BAD4
0000000000000
0000000000000
0000000000000
0000000000000
0000000000000
18A5404E8DEE6
0000000000000
0000000000000
0000000000000
0000000000000
13580E88558AE
12E60534BD516
104823AA43A9C
0000000000000
0000000000000
103E05FC5ECB7
0000000000000
1182061AD6B2F
0000000000000
0000000000000
0000000000000
102608944D4A6
0000000000000
102139E7BA813
10320688BB914
0000000000000
0000000000000
0000000000000
0000000000000
0000000000000
0000000000000
103E04F0690C2
0000000000000
0000000000000
0000000000000
0000000000000
0000000000000
0000000000000
0000000000000
0000000000000
0000000000000
0000000000000
104A05E05C0B5
0000000000000
1BEE348BBBC14
10690B88FC955
0000000000000
103E03F0E8141
0000000000000
0000000000000
104A04616D1C6
104E07363568E
108D03D03508E
102C21F1C9222
0000000000000
16FA0737AA803
0000000000000
12AB19E3D0429
104A04E62F688
0000000000000
199B143EA2EFB
0000000000000
0000000000000
0000000000000
10520601E8241
0000000000000
0000000000000
104E0435D662F
0000000000000
10460796AB704
0000000000000
0000000000000
0000000000000
0000000000000
0000000000000
17A0041E6DEC6
0000000000000
10460715CE627
0000000000000
0000000000000
1032030C25C7E
0000000000000
104A066A48AA1
13090A29739CC
127F0C7600659
0000000000000
10A50531C621F
0000000000000
0000000000000
10590B430335C
1A33729EABF04
104E05B05F0B8
1042074A30A89
0000000000000
0000000000000
0000000000000
0000000000000
0000000000000
0000000000000
0000000000000
0000000000000
0000000000000
0000000000000
110E067D59DB2
16ED0899A49FD
1AD7ACABABC04
0000000000000
0000000000000
0000000000000
0000000000000
12E10E760365C
0000000000000
0000000000000
13AE04DDE2E3B
0000000000000
10631705E0639
0000000000000
10250349E6A3F
10290276886E1
0000000000000
0000000000000
0000000000000
101901BBC9C22
0000000000000
0000000000000
0000000000000
104908F1DE237
0000000000000
10510A510F168
0000000000000
146C42C52257B
11555966DB734
104D48DA58AB1
10BB05A3E443D
0000000000000
0000000000000
0000000000000
0000000000000
110206651156A
0000000000000
0000000000000
0000000000000
0000000000000
0000000000000
0000000000000
0000000000000
0000000000000
0000000000000
0000000000000
0000000000000
0000000000000
0000000000000
0000000000000
106005F11216B
105F16D7507A9
16330E89949ED
0000000000000
104F29ECB4D0D
0000000000000
10AB874A9FAF8
151E02C5655BE
10B526892A983
0000000000000
1183280307360
0000000000000
0000000000000
0000000000000
0000000000000
1778B66E5FEB8
1C5710AEECF45
0000000000000
165910A79E7F7
145B113B1CB75
16AD4047A37FC
0000000000000
102D0820710CA
0000000000000
1D22061F1EF77
0000000000000
0000000000000
13AC21E41246B
13883833B7410
121B04D7787D1
0000000000000
0000000000000
106003F15C1B5
0000000000000
17B420D9AEA07
147807A52357C
0000000000000
104C1F02692C2
0000000000000
0000000000000
0000000000000
107C05C38D3E6
0000000000000
0000000000000
11111180C111A
0000000000000
0000000000000
0000000000000
0000000000000
0000000000000
0000000000000
0000000000000
0000000000000
157904FB37B90
0000000000000
0000000000000
10150186796D2
0000000000000
0000000000000
0000000000000
0000000000000
1029047BFCC55
0000000000000
10CBC5FD3ED97
0000000000000
0000000000000
0000000000000
0000000000000
102505C9E7A40
0000000000000
184A3EBE85EDE
14150093D7430
15F00E75B160A
0000000000000
10B83E182287B
0000000000000
0000000000000
0000000000000
198104EEA0EF9
0000000000000
10639E6CE9D42
0000000000000
103D0760F214B
0000000000000
115023332E387
0000000000000
121A18B9559AE
123305F7797D2
1A35658B8FBE8
103C16CA1AA73
0000000000000
10D705FAB2B0B
0000000000000
10FB42D48A4E3
102D05AC0FC68
0000000000000
0000000000000
10332498BD916
0000000000000
0000000000000
0000000000000
0000000000000
0000000000000
0000000000000
103504820225B
0000000000000
10D696BD41D9A
0000000000000
13C2CADDE9E42
0000000000000
19102DDB7BBD4
0000000000000
0000000000000
0000000000000
0000000000000
10D70675925EB
0000000000000
0000000000000
0000000000000
103B25741F478
0000000000000
0000000000000
103D04E0590B2
164433679B7F4
14C92A09889E1
0000000000000
0000000000000
1233067DA0DF9
0000000000000
0000000000000
10631D854159A
1BAD1F5ED9F32
0000000000000
123B0452D632F
102D0724F9552
1BBA0D8BBAC13
0000000000000
105C09C0E413D
0000000000000
10410490760CF
0000000000000
0000000000000
14B129E4EF548
139F05337D3D6
0000000000000
0000000000000
0000000000000
0000000000000
0000000000000
0000000000000
104D062A51AAA
1031015C22C7B
0000000000000
0000000000000
0000000000000
140239C7857DE
13696A06F0749
104904701406D
0000000000000
0000000000000
0000000000000
103903B6966EF
0000000000000
0000000000000
0000000000000
1C9532BF02F5B
104D0720BE117
1455069B1AB73
104A349429482
0000000000000
0000000000000
104106917C1D5
0000000000000
0000000000000
104D04A3DF438
0000000000000
0000000000000
0000000000000
0000000000000
104C946CA5CFE
0000000000000
10232CD2C7320
102D0228B290B
0000000000000
10A0047D22D7B
0000000000000
0000000000000
0000000000000
10FB04AABCB15
0000000000000
104D05A47C4D5
1BE730BEE0F39
10A005F0730CC
0000000000000
147C0C5E07E60
10410713853DE
0000000000000
0000000000000
0000000000000
0000000000000
0000000000000
0000000000000
0000000000000
12CC02EDC5E1E
0000000000000
0000000000000
0000000000000
10240225B7610
104008FC6FCC8
0000000000000
106306804D0A6
0000000000000
14533BA4954EE
0000000000000
12C510A4EA543
102E2CC9FEA57
0000000000000
0000000000000
0000000000000
104119942647F
0000000000000
0000000000000
0000000000000
0000000000000
0000000000000
105F04D0D7130
0000000000000
1A79839BA2BFB
0000000000000
0000000000000
0000000000000
0000000000000
0000000000000
0000000000000
0000000000000
0000000000000
0000000000000
0000000000000
0000000000000
0000000000000
10B604D1691C2
0000000000000
127503E6EA743
0000000000000
0000000000000
0000000000000
10480BD3C141A
0000000000000
0000000000000
0000000000000
106305020125A
0000000000000
17B725EB5EBB7
0000000000000
194E997E9CEF5
0000000000000
0000000000000
103C0C48C9922
0000000000000
11A2A94D8BDE4
1A6505CEB9F12
1857071E87EE0
14AC271B29B82
126904D9619BA
11410B4D68DC1
125A506517570
0000000000000
0000000000000
10251641D9232
0000000000000
0000000000000
0000000000000
1933296B7FBD8
103C0B44CA523
0000000000000
0000000000000
103B7B2C51CAA
0000000000000
0000000000000
146382FB1DB76
0000000000000
0000000000000
0000000000000
0000000000000
10251742E9342
0000000000000
0000000000000
108708BD14D6D
106B05E900959
190D037B7ABD3
0000000000000
0000000000000
0000000000000
147304DE01E5A
0000000000000
0000000000000
12B803FDBDE16
0000000000000
11290523CB424
10140167B680F
0000000000000
0000000000000
1834CB1E82EDB
0000000000000
0000000000000
0000000000000
0000000000000
0000000000000
0000000000000
0000000000000
107307CCFCD55
111D071D5DDB6
0000000000000
11D74BDD93DEC
1CCA067F12F6B
0000000000000
109018B5E7640
10291479F8A51
127F2402E633F
0000000000000
0000000000000
0000000000000
16D404D9A09F9
10377978C191A
105A33D329382
0000000000000
0000000000000
10440FA7F484D
0000000000000
0000000000000
0000000000000
0000000000000
103005B8B7910
108F0612BF318
1119086D5BDB4
105113DA65ABE
0000000000000
1033359A0DA66
1038069C47CA0
0000000000000
0000000000000
0000000000000
10280BD4F7550
0000000000000
106B0865E363C
0000000000000
0000000000000
0000000000000
0000000000000
114F2311EB244
0000000000000
0000000000000
0000000000000
0000000000000
0000000000000
0000000000000
0000000000000
0000000000000
0000000000000
0000000000000
0000000000000
103C05CC53CAC
0000000000000
128E9409659BE
0000000000000
0000000000000
10730B43723CB
14723B8B20B79
108B04E0A10FA
0000000000000
126A1DF5FF658
0000000000000
10300731E623F
102C0605BC615
0000000000000
0000000000000
14DA0696FA753
104263EC7FCD8
0000000000000
0000000000000
0000000000000
0000000000000
0000000000000
0000000000000
114103C94199A
0000000000000
0000000000000
0000000000000
19190B89BFA18
14C8AACE16E6F
0000000000000
1033B6FC37C90
0000000000000
103C03C50155A
0000000000000
0000000000000
0000000000000
0000000000000
0000000000000
0000000000000
0000000000000
0000000000000
0000000000000
0000000000000
0000000000000
12A106784B8A4
1042243C7ECD7
0000000000000
104A2595D262B
13C1CDBDE7E40
0000000000000
0000000000000
109B04A640699
0000000000000
0000000000000
0000000000000
0000000000000
0000000000000
0000000000000
0000000000000
0000000000000
0000000000000
104804D0A40FD
0000000000000
114B276D6DDC6
15CF0C55AD606
0000000000000
0000000000000
103003BC1DC76
0000000000000
0000000000000
0000000000000
0000000000000
11EB0616E173A
0000000000000
15A404EB3BB94
0000000000000
0000000000000
0000000000000
0000000000000
0000000000000
0000000000000
0000000000000
0000000000000
0000000000000
0000000000000
0000000000000
0000000000000
10B609DD36D8F
0000000000000
0000000000000
0000000000000
0000000000000
0000000000000
0000000000000
0000000000000
0000000000000
0000000000000
0000000000000
126F5074E7540
105A045328381
0000000000000
0000000000000
0000000000000
106A07150B564
0000000000000
0000000000000
0000000000000
105A04D8EE947
0000000000000
0000000000000
1676624E40E99
0000000000000
0000000000000
0000000000000
0000000000000
0000000000000
0000000000000
0000000000000
0000000000000
170604DB50BA9
102563F9EBA44
1017014717770
0000000000000
0000000000000
0000000000000
0000000000000
10B1045D2ED87
101F00ABCEC27
10530910F8151
0000000000000
0000000000000
109A0A581D876
106605E8F694F
0000000000000
0000000000000
0000000000000
115F07D94299B
0000000000000
15D371BE33E8C
0000000000000
0000000000000
0000000000000
103B0D74C9522
0000000000000
10F909310115A
0000000000000
0000000000000
0000000000000
106604E8F594E
102211BBDBC34
103B0CF5C161A
0000000000000
0000000000000
117562E5F7650
118A1EC5975F0
126714695F9B8
0000000000000
0000000000000
1334AEADCFE28
16FB086E54EAD
0000000000000
0000000000000
0000000000000
1CF10D8F17F70
0000000000000
10470D810215B
0000000000000
0000000000000
14C945BE17E70
0000000000000
0000000000000
0000000000000
1A60024B9CBF5
1274059DB2E0B
0000000000000
0000000000000
107607A818871
132A0676EE747
0000000000000
0000000000000
10230752DA333
107A873D0AD63
0000000000000
0000000000000
0000000000000
0000000000000
107E068029082
0000000000000
102307D7BF818
0000000000000
0000000000000
0000000000000
1CC5067F11F6A
0000000000000
0000000000000
0000000000000
0000000000000
0000000000000
10B103D0E313C
0000000000000
1013019417470
0000000000000
0000000000000
107A04D2B330C
0000000000000
0000000000000
102434A72277B
10403E74564AF
10330A10860DF
0000000000000
0000000000000
104F0D6808861
1153DC5D70DC9
0000000000000
162105D8778D0
1B75060ED3F2C
0000000000000
0000000000000
0000000000000
0000000000000
0000000000000
104D2D2CACD05
0000000000000
0000000000000
1033051A0AA63
0000000000000
0000000000000
107A0A531536E
0000000000000
0000000000000
10243A2BE8C41
0000000000000
10330597D482D
10982091C0219
0000000000000
10265B19F2A4B
0000000000000
0000000000000
0000000000000
10602E7A72ACB
0000000000000
0000000000000
1034346C3EC97
0000000000000
0000000000000
12DF04065D6B6
0000000000000
102B45E8AE907
1033049C2EC87
0000000000000
104A50C6B270B
104F03E21D276
17B75F1E72ECB
105A8DBA69AC2
0000000000000
0000000000000
1D7D69FF2AF83
1688071E44E9D
0000000000000
10265996856DE
0000000000000
0000000000000
0000000000000
108A0716C9722
13F403C3EF448
0000000000000
14E504D5645BD
11C60B1330389
0000000000000
0000000000000
14D50994994F2
0000000000000
0000000000000
103705CC44C9D
12600DA40E467
0000000000000
0000000000000
0000000000000
103B04F4FF558
0000000000000
10330695BF618
0000000000000
0000000000000
0000000000000
104303D01B074
0000000000000
103B0471E123A
103F04A1D222B
0000000000000
0000000000000
0000000000000
1554077E28E81
104304573E797
10347118C0919
0000000000000
0000000000000
10960420960EF
0000000000000
0000000000000
14CB6E26F8751
104304D01106A
0000000000000
0000000000000
0000000000000
10B188B92697F
0000000000000
14221FC55C5B5
0000000000000
0000000000000
0000000000000
0000000000000
1099D54D1CD75
130E0BAB06B5F
0000000000000
118A10CD81DDA
127D3E4DB4E0D
104305D0720CB
14A6067E0FE68
10512658E9942
112B1161B7210
0000000000000
0000000000000
0000000000000
104F0462ED346
12BB09D27F2D8
102D22A68D6E6
0000000000000
0000000000000
115F0BD76D7C6
0000000000000
0000000000000
102F02E7CD826
0000000000000
1A9C071EC0F19
0000000000000
0000000000000
0000000000000
0000000000000
0000000000000
104786EA40A99
0000000000000
109A873A96AEF
0000000000000
124C15B20A263
10F905BD4FDA8
0000000000000
0000000000000
129C067AF9B52
106608620F268
17767D79A9A02
0000000000000
0000000000000
147D03FE0AE63
105D05E639692
12830C3230289
0000000000000
11B505340D466
0000000000000
0000000000000
1E380E7F37F90
14E00E086E8C7
0000000000000
0000000000000
14557BCB1BB74
159608698E9E7
134508ADD3E2C
0000000000000
0000000000000
105905374D7A6
0000000000000
106107963B694
101A015719772
10690674AC505
147250BE00E59
1C4718BEE8F41
0000000000000
10160125735CC
0000000000000
0000000000000
0000000000000
0000000000000
10220339D9A32
0000000000000
0000000000000
0000000000000
0000000000000
0000000000000
109B2BAD21D7A
1A64D40EB8F11
0000000000000
0000000000000
0000000000000
0000000000000
0000000000000
0000000000000
0000000000000
0000000000000
0000000000000
0000000000000
104A0B98DE937
161B7299929EB
0000000000000
0000000000000
0000000000000
0000000000000
0000000000000
0000000000000
0000000000000
0000000000000
105D06612B184
0000000000000
156A04DB36B8F
0000000000000
0000000000000
0000000000000
0000000000000
0000000000000
0000000000000
0000000000000
0000000000000
0000000000000
1AABD0CEC3F1C
117A0603943ED
0000000000000
108548FD12D6B
0000000000000
0000000000000
0000000000000
0000000000000
0000000000000
0000000000000
0000000000000
0000000000000
0000000000000
136C05E6606B9
105A115139192
0000000000000
0000000000000
107104DA83ADC
0000000000000
0000000000000
0000000000000
0000000000000
0000000000000
0000000000000
10220737BD816
0000000000000
0000000000000
111C17C14319C
0000000000000
0000000000000
0000000000000
1C96DEEF03F5C
0000000000000
10DC8BAD45D9E
0000000000000
0000000000000
10120179CCA25
111706793D996
19309B3B7EBD7
0000000000000
0000000000000
0000000000000
102A05968B6E4
0000000000000
0000000000000
0000000000000
111B06A19E1F7
0000000000000
102205BBD8C31
0000000000000
0000000000000
0000000000000
0000000000000
0000000000000
13E818BB16B6F
0000000000000
1022053BD7C30
104E0DCA5EAB7
1775D68E5EEB7
0000000000000
103205F0C7120
0000000000000
0000000000000
10260BE9F1A4A
0000000000000
13FF0334474A0
0000000000000
0000000000000
0000000000000
0000000000000
0000000000000
0000000000000
0000000000000
1D6DF81F29F82
144E02DDF8E51
0000000000000
109E5036CC725
13254B59749CD
0000000000000
0000000000000
15DD04A9919EA
10B11CDD2FD88
0000000000000
0000000000000
0000000000000
103E068C5FCB8
0000000000000
0000000000000
0000000000000
0000000000000
0000000000000
0000000000000
0000000000000
10743B658D5E6
0000000000000
104603E07B0D4
104E407CB1D0A
0000000000000
104022F5C7620
0000000000000
0000000000000
13390498518AA
111B0B293E997
1DE4348F32F8B
10732BC40645F
1C732BFEF4F4D
1021784BD5C2E
0000000000000
10FBB08ABEB17
0000000000000
0000000000000
0000000000000
104203B12617F
109104D45F4B8
0000000000000
0000000000000
107D08690E967
0000000000000
138806BB10B69
0000000000000
0000000000000
102429A3D8431
10402375C8621
0000000000000
0000000000000
0000000000000
0000000000000
104C26853B594
0000000000000
14C80D65A65FF
1143846ACAB23
0000000000000
108F62CA94AED
0000000000000
0000000000000
0000000000000
0000000000000
0000000000000
104A0590560AF
16F204E87F8D8
0000000000000
0000000000000
107A1F5A8CAE5
104604E1891E2
0000000000000
104E0746B570E
115609DAD0B29
11E503FAE3B3C
0000000000000
14F807AE21E7A
0000000000000
104604602307C
0000000000000
0000000000000
104A0490FC155
0000000000000
103203F0520AB
0000000000000
0000000000000
0000000000000
104206B1591B2
105A5A0A68AC1
0000000000000
0000000000000
0000000000000
0000000000000
0000000000000
0000000000000
0000000000000
104E04C2882E1
10C00E71581B1
0000000000000
103202FC24C7D
0000000000000
101A0F5BCCC25
0000000000000
0000000000000
102E03472B784
159A071E2EE87
149D0678688C1
0000000000000
0000000000000
185BAA2B6CBC5
104606602C085
0000000000000
104E05C47F4D8
12B829FAFCB55
1A6206EEB7F10
0000000000000
0000000000000
0000000000000
197A722E9EEF7
13140713663BF
10250217C381C
102102C5755CE
10B30590FF158
0000000000000
0000000000000
0000000000000
179F0999ACA05
0000000000000
0000000000000
0000000000000
0000000000000
102902233C395
103F2E7A29A82
0000000000000
0000000000000
110205BD52DAB
1024532BE9C42
0000000000000
1102456829882
106936A4AD506
0000000000000
0000000000000
0000000000000
0000000000000
0000000000000
102103449B4F4
10B3071D31D8A
0000000000000
1BCB30BEDFF38
106404781486D
12F50B3DCBE24
0000000000000
10900DE3C441D
0000000000000
10223068A18FA
0000000000000
10350FDC40C99
1CF5ABCF19F72
0000000000000
105C0715DB634
0000000000000
0000000000000
10258177C481D
15BC04D8768CF
0000000000000
10510884D352C
0000000000000
105C0698F194A
105B16F4AB504
16DD0E87A57FE
0000000000000
0000000000000
0000000000000
0000000000000
0000000000000
0000000000000
0000000000000
0000000000000
0000000000000
106C04DA80AD9
0000000000000
0000000000000
0000000000000
0000000000000
0000000000000
107405390695F
16230699939EC
10432C8A33A8C
0000000000000
0000000000000
14E21A2B2FB88
0000000000000
13C194597C9D5
107405BCFED57
104D0FF0AB104
0000000000000
121705F9549AD
0000000000000
0000000000000
0000000000000
0000000000000
17C604DE75ECE
0000000000000
0000000000000
0000000000000
0000000000000
0000000000000
10363B736B3C4
148848E4974F0
0000000000000
13B46346F274B
0000000000000
10150158968EF
11D005BD91DEA
0000000000000
12A82D54BA513
15750717927EB
102104C67D6D6
0000000000000
0000000000000
12170672652BE
1A6E069BA0BF9
0000000000000
1CBF418F0EF67
0000000000000
0000000000000
10CD25F92F988
0000000000000
0000000000000
0000000000000
0000000000000
13BD10AB13B6C
1922458E96EEF
0000000000000
10481E83AD406
0000000000000
135833A9769CF
172005370E767
0000000000000
0000000000000
0000000000000
0000000000000
0000000000000
139B418DE1E3A
10150F571676F
162A1B58798D2
104671EA3AA93
128E067DB7E10
0000000000000
0000000000000
0000000000000
0000000000000
0000000000000
104E329A60AB9
0000000000000
129F718DBBE14
10C478AAACB05
10E6D75D4BDA4
104720DA3EA97
15DC04D700759
10AF4D7AA1AFA
0000000000000
103D06BC59CB2
118235BD80DD9
109006E0540AD
0000000000000
138B0716626BB
0000000000000
121709743F498
12860413B340C
103D06310E167
0000000000000
12673E3DAFE08
0000000000000
0000000000000
13240854BE517
14793815A35FC
13734B26616BA
103D05B2832DC
0000000000000
0000000000000
0000000000000
0000000000000
13EA05F51D576
0000000000000
0000000000000
125E4FE6E9742
0000000000000
12265945995F2
0000000000000
0000000000000
0000000000000
0000000000000
10640D725A2B3
0000000000000
0000000000000
17162BC7AB804
1A0B0DEB8CBE5
0000000000000
0000000000000
0000000000000
0000000000000
103D0437DD836
10E2153D48DA1
0000000000000
0000000000000
104D06F80285B
0000000000000
0000000000000
0000000000000
105D39B5895E2
103C13911F178
0000000000000
104104C739792
123431CDA1DFA
1C34D1DEE6F3F
0000000000000
12FC1776ED746
0000000000000
0000000000000
12FD071B05B5E
153822F60D666
0000000000000
0000000000000
1083913A91AEA
0000000000000
104145FC7ACD3
0000000000000
0000000000000
0000000000000
14D21E6B2CB85
104904A0AF108
0000000000000
1051060CBAD13
0000000000000
0000000000000
0000000000000
124D27022227B
102D02FC0EC67
0000000000000
0000000000000
0000000000000
0000000000000
0000000000000
10250C19E8A41
0000000000000
0000000000000
0000000000000
112B323D64DBD
0000000000000
0000000000000
0000000000000
0000000000000
14F964C8708C9
104D05FCA7D00
10490627FB854
0000000000000
0000000000000
0000000000000
0000000000000
1045071A36A8F
0000000000000
169E06A99D9F6
1063598A78AD1
13AE0B885B8B4
0000000000000
0000000000000
0000000000000
0000000000000
0000000000000
1028030BF9C52
0000000000000
0000000000000
0000000000000
0000000000000
0000000000000
0000000000000
0000000000000
0000000000000
0000000000000
0000000000000
0000000000000
0000000000000
0000000000000
0000000000000
12CC02331B374
126507795E9B7
0000000000000
0000000000000
0000000000000
10180149D3A2C
0000000000000
10E60EC0C0119
0000000000000
0000000000000
0000000000000
0000000000000
10A41BF75C7B5
0000000000000
105F0488F294B
0000000000000
0000000000000
102D1EF1BC215
191295F9BEA17
0000000000000
15B704E6FE757
103D1DBA20A79
0000000000000
179A8A09ABA04
0000000000000
0000000000000
0000000000000
0000000000000
0000000000000
1B35AFBECFF28
0000000000000
0000000000000
0000000000000
0000000000000
104C09D3703C9
11410B9D69DC2
11EB8BAD98DF1
103D1CB7DE837
0000000000000
109B0AF0670C0
0000000000000
0000000000000
0000000000000
0000000000000
0000000000000
10BE04ED39D92
11EB0B46E273B
105B0674AA503
106F83A817870
10080103F444D
0000000000000
0000000000000
0000000000000
186B04D9B4A0D
1074951A86ADF
0000000000000
0000000000000
0000000000000
10491DA539592
0000000000000
0000000000000
10BE03E1EA243
0000000000000
0000000000000
12961C5AF6B4F
0000000000000
0000000000000
0000000000000
1D3FEA6F24F7D
0000000000000
0000000000000
0000000000000
0000000000000
193B2A1B80BD9
0000000000000
106B05313218B
0000000000000
0000000000000
0000000000000
1030086320379
0000000000000
0000000000000
0000000000000
106010ACDAD33
0000000000000
0000000000000
0000000000000
127D0598498A2
10AB52EA9EAF7
0000000000000
16A21C799F9F8
1DC306BF30F89
0000000000000
0000000000000
103C091C56CAF
0000000000000
101401B5715CA
0000000000000
10D64BBD40D99
10400FA4A54FE
1068503A7CAD5
0000000000000
169218BB4ABA3
101000E2FB354
0000000000000
0000000000000
0000000000000
132305B5A05F9
0000000000000
0000000000000
103C08111616F
10FB1C71C221B
0000000000000
0000000000000
0000000000000
0000000000000
0000000000000
0000000000000
115F3D06DC735
0000000000000
1CD604DF14F6D
123A06E5555AE
1D210A2F1DF76
0000000000000
0000000000000
0000000000000
0000000000000
0000000000000
105403BCC1D1A
0000000000000
0000000000000
11F703F2C231B
102E25168E6E7
0000000000000
103C0697D9832
0000000000000
0000000000000
19247BCE98EF1
104910A74279B
1B2B053BB4C0D
0000000000000
0000000000000
103C0610E7140
10300467CF828
10770B226B2C4
0000000000000
0000000000000
0000000000000
0000000000000
0000000000000
103C0598C7920
109B03F5475A0
104112C538591
10422265CC625
12E404D59F5F8
0000000000000
1A6ADDDEBAF13
0000000000000
16750BA9979F0
0000000000000
0000000000000
0000000000000
0000000000000
0000000000000
0000000000000
0000000000000
103C04921126A
0000000000000
16A87077A17FA
0000000000000
0000000000000
106B0B35E463D
0000000000000
0000000000000
0000000000000
17370538838DC
0000000000000
0000000000000
1C38021EE7F40
0000000000000
10A4167A99AF2
0000000000000
0000000000000
178F923E69EC2
0000000000000
0000000000000
0000000000000
11F70674E453D
0000000000000
11E41281CC225
10E643764A6A3
0000000000000
104114423628F
0000000000000
0000000000000
104005A2FF358
12C62C92722CB
0000000000000
0000000000000
105006E1671C0
104115C6A66FF
104D1775855DE
0000000000000
0000000000000
0000000000000
0000000000000
0000000000000
188C532E8CEE5
11A00774E253B
1048070C91CEA
0000000000000
0000000000000
0000000000000
1063085A75ACE
0000000000000
0000000000000
0000000000000
104807805D0B6
0000000000000
11410611A61FF
0000000000000
0000000000000
15D05D55AE607
0000000000000
102C823C0DC66
104227E7EF848
0000000000000
11F705F3973F0
0000000000000
0000000000000
11EB07C83C895
115104D3E7440
0000000000000
104806840145A
0000000000000
0000000000000
0000000000000
0000000000000
14C31FC86B8C4
109B067407460
0000000000000
0000000000000
0000000000000
0000000000000
0000000000000
1C6BF0DEF1F4A
0000000000000
144FCA3DF9E52
106116CCDBD34
0000000000000
0000000000000
10CF62F6476A0
101B01267B6D4
0000000000000
0000000000000
1047893A41A9A
0000000000000
102702D3F7450
104618B62C685
10234335B660F
0000000000000
0000000000000
0000000000000
195B84F9C6A1F
16BD268E4EEA7
15266227917EA
105E84BCD7D30
104A18C18A1E3
119A19D14619F
0000000000000
10330CC1551AE
16F61B47A9802
105E04D0610BA
0000000000000
0000000000000
0000000000000
1113D52D5ADB3
1063345CE7D40
0000000000000
127D3192C431D
0000000000000
10620461AC205
0000000000000
14F9089E22E7B
0000000000000
0000000000000
0000000000000
0000000000000
0000000000000
111314193B994
0000000000000
0000000000000
0000000000000
0000000000000
0000000000000
0000000000000
1A68047B9EBF7
0000000000000
102610344E4A7
0000000000000
1BC403FEDDF36
103D2C3C5CCB5
120816D1BA213
0000000000000
0000000000000
18D5077B74BCD
106603B2F134A
16450C561366C
0000000000000
0000000000000
0000000000000
107A06090A963
124D0E8DA5DFE
127405C8478A0
10430C8C83CDC
103F0BF8D0929
103B0B21D622F
0000000000000
0000000000000
0000000000000
122326E21A273
102D29F9FCA55
0000000000000
0000000000000
0000000000000
0000000000000
0000000000000
0000000000000
136C15B41146A
0000000000000
10430D87F284B
0000000000000
0000000000000
0000000000000
0000000000000
147E06CB23B7C
0000000000000
0000000000000
0000000000000
0000000000000
0000000000000
10370890500A9
10130142812DA
0000000000000
10143138958EE
0000000000000
10430E8C84CDD
0000000000000
0000000000000
0000000000000
1CC4D69F10F69
0000000000000
0000000000000
1025A57BF0C49
0000000000000
1A6DB7DB9FBF8
106E071A81ADA
0000000000000
0000000000000
10C507182387C
0000000000000
0000000000000
0000000000000
16BF40FB4DBA6
0000000000000
0000000000000
166C071E3DE96
10496EDC96CEF
10225517BE817
0000000000000
10230A07C0819
1644506E39E92
15280B360C665
0000000000000
0000000000000
0000000000000
0000000000000
104D227CABD04
0000000000000
10234ABBE4C3D
0000000000000
10370617D8831
0000000000000
1032950A08A61
0000000000000
0000000000000
0000000000000
103E560C65CBE
103B06AC4CCA5
0000000000000
0000000000000
10334474A14FA
1538077B34B8D
104D23774679F
0000000000000
0000000000000
0000000000000
10370713543AD
0000000000000
0000000000000
168405B9999F2
0000000000000
0000000000000
0000000000000
11670DE6DD736
1B3D15BBB6C0F
0000000000000
0000000000000
0000000000000
0000000000000
10230883513AA
103F05F1F0249
0000000000000
0000000000000
0000000000000
0000000000000
0000000000000
0000000000000
0000000000000
103F04724629F
103B04A3843DD
0000000000000
0000000000000
0000000000000
0000000000000
178906BE64EBD
12B9ADAAFDB56
103F04F6A16FA
0000000000000
0000000000000
0000000000000
105A0F831336C
0000000000000
0000000000000
10430402862DF
0000000000000
0000000000000
0000000000000
0000000000000
119383794C9A5
0000000000000
0000000000000
104304800105A
1042944C80CD9
0000000000000
0000000000000
0000000000000
107A0E86C671F
0000000000000
14CC1FC86D8C6
118F034D84DDD
1BC00DAEDCF35
104E17115B1B4
126F1D14E653F
0000000000000
0000000000000
0000000000000
0000000000000
0000000000000
0000000000000
0000000000000
0000000000000
115F08814E1A7
0000000000000
109E04D06A0C3
103F8157E583E
16AC7AD7A27FB
13AE2A0DE3E3C
0000000000000
10DD03B0920EB
0000000000000
17211CD8828DB
1154053ACFB28
0000000000000
0000000000000
0000000000000
0000000000000
0000000000000
0000000000000
0000000000000
0000000000000
10221DE44C4A5
0000000000000
0000000000000
0000000000000
0000000000000
116658FD76DCF
104F0531851DE
0000000000000
0000000000000
10230D89E1A3A
0000000000000
0000000000000
0000000000000
117F0C86DE737
105A0B82622BB
10212D49D8A31
102202E67E6D7
0000000000000
0000000000000
0000000000000
105D05B1A51FE
0000000000000
0000000000000
10B40534614BA
0000000000000
1023128720779
0000000000000
0000000000000
0000000000000
105904E1801D9
0000000000000
0000000000000
179E682E6CEC5
0000000000000
0000000000000
0000000000000
0000000000000
10DC0C97647BD
0000000000000
118A0C13653BE
18502A0E86EDF
0000000000000
110B0730B410D
0000000000000
0000000000000
10160178978F0
0000000000000
0000000000000
0000000000000
0000000000000
0000000000000
0000000000000
0000000000000
0000000000000
0000000000000
0000000000000
0000000000000
0000000000000
125706784489D
0000000000000
0000000000000
0000000000000
14A909D46C4C5
0000000000000
10420BE6A8701
0000000000000
14590714494A2
0000000000000
0000000000000
0000000000000
13B306797A9D3
0000000000000
106834854359C
0000000000000
0000000000000
0000000000000
0000000000000
10360D7C42C9B
0000000000000
0000000000000
0000000000000
104A4D7C9ECF7
129B4DBDB9E12
198799E9C7A20
0000000000000
0000000000000
0000000000000
0000000000000
0000000000000
13210628508A9
100A01C2802D9
0000000000000
126F04959C5F5
0000000000000
0000000000000
0000000000000
14BEE22E14E6D
0000000000000
104A0C44D152A
1ACE071BAAC03
0000000000000
0000000000000
0000000000000
0000000000000
0000000000000
0000000000000
1479079E06E5F
0000000000000
0000000000000
0000000000000
111B0474654BE
0000000000000
1A7167BEBCF15
105D43E45A4B3
0000000000000
10339B2A0EA67
101201A5B260B
0000000000000
1AD025EEC8F21
0000000000000
106D06743348C
10431E873F798
18883BA9B8A11
1922345E95EEE
126F069DB1E0A
0000000000000
0000000000000
1062501CDFD38
125A3363CF428
0000000000000
16DF5A787E8D7
0000000000000
0000000000000
181E067E7BED4
105A1301601B9
0000000000000
0000000000000
0000000000000
0000000000000
0000000000000
0000000000000
105903E020079
0000000000000
107436BCFFD58
0000000000000
11582C143C495
0000000000000
10E40676D272B
0000000000000
0000000000000
0000000000000
0000000000000
0000000000000
0000000000000
0000000000000
102E0493813DA
0000000000000
0000000000000
0000000000000
1A59ACCB9ABF3
10220BE44B4A4
0000000000000
0000000000000
109B60A64169A
13DB04DB15B6E
10761BFD04D5D
0000000000000
0000000000000
0000000000000
0000000000000
0000000000000
0000000000000
0000000000000
0000000000000
0000000000000
103E06D7DF838
0000000000000
104C20D8DF938
0000000000000
10257849EDA46
0000000000000
12F4231B03B5C
0000000000000
168707A99B9F4
11D906B94F9A8
0000000000000
0000000000000
178596CB55BAE
0000000000000
11E2143AE2B3B
0000000000000
0000000000000
0000000000000
0000000000000
0000000000000
1091048917970
103206A24329C
0000000000000
0000000000000
0000000000000
10220963A53FE
11FB2001A8201
0000000000000
0000000000000
112309D54C5A5
10E664764B6A4
0000000000000
103E04D1BD216
11130B154B5A4
16A236FB4CBA5
0000000000000
104E0614A8501
0000000000000
0000000000000
102F1035BD616
0000000000000
10271F58AD906
10460530B110A
104A05CC98CF1
104E0695865DF
0000000000000
11A206394D9A6
0000000000000
0000000000000
1C77AFDEF6F4F
0000000000000
129705F39E3F7
114704ED6CDC5
0000000000000
0000000000000
10FB36F938991
17B3086B5DBB6
0000000000000
104604310B164
104A04C0990F2
0000000000000
0000000000000
0000000000000
102F11B2542AD
0000000000000
10ABBA9D2BD84
0000000000000
134D04DDD4E2D
104E0415D562E
0000000000000
0000000000000
0000000000000
0000000000000
0000000000000
10260D30AD106
12970679669BF
11470761B8211
0000000000000
0000000000000
0000000000000
0000000000000
10B15AB58F5E8
104606B32437D
0000000000000
0000000000000
0000000000000
0000000000000
0000000000000
0000000000000
10271C59F4A4D
0000000000000
0000000000000
102E03913F198
0000000000000
0000000000000
0000000000000
11E321E240299
0000000000000
0000000000000
0000000000000
0000000000000
102102F4C551E
0000000000000
0000000000000
0000000000000
0000000000000
17870D4B57BB0
0000000000000
1159048D71DCA
1021027BCFC28
107A22B50C565
0000000000000
0000000000000
0000000000000
10401997E8841
125E0406E7740
187B12A8928EB
191B70D9C1A1A
10250322732CC
166F313E3EE97
190604DE90EE9
14C8308E15E6E
10AB0505EB644
0000000000000
0000000000000
0000000000000
0000000000000
131406AB07B60
0000000000000
0000000000000
15A508698F9E8
0000000000000
1068053CEFD48
0000000000000
10450A2A37A90
0000000000000
103D0D82842DD
0000000000000
10600410CB124
161F03FE36E8F
0000000000000
0000000000000
0000000000000
10BF05B12C185
0000000000000
0000000000000
103F2C46A26FB
0000000000000
0000000000000
1458074DFDE56
0000000000000
0000000000000
0000000000000
103B2C18C591E
0000000000000
0000000000000
0000000000000
1B371D1BB5C0E
10875E0A93AEC
0000000000000
1BBE04DEDBF34
0000000000000
12BCD3DDC2E1B
10CF067409462
10A80F30A7100
0000000000000
0000000000000
103C1BA5C361C
0000000000000
0000000000000
0000000000000
132406E65F6B8
106803B8FA953
0000000000000
0000000000000
0000000000000
0000000000000
0000000000000
0000000000000
0000000000000
0000000000000
0000000000000
0000000000000
0000000000000
0000000000000
0000000000000
10401D16A46FD
0000000000000
0000000000000
116D05354E5A7
0000000000000
0000000000000
103D0A0C5ACB3
1063501CE8D41
10150169CDA26
0000000000000
104D0CC0A50FE
102104F71C775
0000000000000
115F233AD2B2B
0000000000000
0000000000000
0000000000000
0000000000000
127A04DAF1B4A
122304D9569AF
0000000000000
102855EBFAC53
106F56AA82ADB
10510CB0780D1
158C59D56B5C4
0000000000000
0000000000000
199148F9C9A22
10250520C311C
12D104D2902E9
1E352A0F36F8F
0000000000000
136D27633438D
10CF05F930989
0000000000000
0000000000000
0000000000000
0000000000000
0000000000000
102D44F4714CA
0000000000000
0000000000000
0000000000000
0000000000000
1042B0BC81CDA
105323774C7A5
0000000000000
16D58BFB4EBA7
0000000000000
0000000000000
0000000000000
0000000000000
0000000000000
0000000000000
0000000000000
0000000000000
0000000000000
0000000000000
1A81D58EBFF18
0000000000000
0000000000000
0000000000000
1038177C49CA2
12860423B440D
0000000000000
0000000000000
0000000000000
0000000000000
0000000000000
1075789D02D5B
103D06011B174
0000000000000
1338041DD0E29
108C04E03408D
0000000000000
0000000000000
12BD0DA34B3A4
0000000000000
0000000000000
0000000000000
0000000000000
0000000000000
104813BC92CEB
14F830C86F8C8
0000000000000
122B06784189A
0000000000000
0000000000000
0000000000000
0000000000000
19EF936B8ABE3
104103F06E0C7
0000000000000
128E05477C7D5
0000000000000
0000000000000
0000000000000
0000000000000
102D0740B210B
0000000000000
0000000000000
118237048D4E6
103456BA10A69
0000000000000
16E0D29E51EAA
10490510640BD
0000000000000
104104F02607F
123C33995A9B3
0000000000000
0000000000000
0000000000000
0000000000000
0000000000000
12A516C5585B1
0000000000000
104F268CB3D0C
0000000000000
1A34B1BEACF05
105106B6B8711
0000000000000
0000000000000
0000000000000
1A4FC71EB4F0D
0000000000000
0000000000000
0000000000000
0000000000000
0000000000000
10490490650BE
0000000000000
103410829D2F6
0000000000000
13D7313DEBE44
0000000000000
0000000000000
1CC21EFF0FF68
0000000000000
0000000000000
0000000000000
0000000000000
1033237C35C8E
0000000000000
104D44780685F
0000000000000
0000000000000
0000000000000
1041067537590
0000000000000
0000000000000
0000000000000
0000000000000
0000000000000
0000000000000
0000000000000
0000000000000
0000000000000
10190F5BCAC23
1032329C2AC83
0000000000000
17F206788B8E4
126A48C44149A
0000000000000
10210D771D776
0000000000000
0000000000000
0000000000000
0000000000000
1040089120179
0000000000000
102803331F378
0000000000000
0000000000000
0000000000000
135604DB0CB65
0000000000000
12B8069DBEE17
0000000000000
16890D8B48BA1
0000000000000
0000000000000
0000000000000
0000000000000
13B50473BA413
0000000000000
0000000000000
0000000000000
0000000000000
0000000000000
0000000000000
1018017718771
12502A05565AF
1040091C70CC9
0000000000000
0000000000000
107340DA85ADE
0000000000000
0000000000000
0000000000000
111D03F82C885
16FC09DE55EAE
0000000000000
0000000000000
1915053B7CBD5
106384481386C
0000000000000
1063046CE0D39
11D7CE5D94DED
1068959CF0D49
17B1071E70EC9
0000000000000
0000000000000
105B0740820DB
0000000000000
106304EA74ACD
106704D03E097
18FA497B77BD0
0000000000000
14C353260A663
12D62FE2B8311
0000000000000
0000000000000
10BE0455ED646
0000000000000
10400B1738791
104C096CA2CFB
0000000000000
0000000000000
0000000000000
0000000000000
116405B76E7C7
12A61FA4E9542
116C04D6526AB
0000000000000
11D417717D1D6
0000000000000
111103E6D8731
0000000000000
1A5FA12B9BBF4
0000000000000
0000000000000
0000000000000
0000000000000
0000000000000
0000000000000
0000000000000
0000000000000
0000000000000
0000000000000
0000000000000
0000000000000
0000000000000
0000000000000
0000000000000
0000000000000
0000000000000
0000000000000
0000000000000
107304A14A1A3
0000000000000
1589D8EE2CE85
103C0A27DA833
106303E540599
0000000000000
0000000000000
10663182CF328
0000000000000
0000000000000
0000000000000
0000000000000
0000000000000
10E288693598E
1828059B65BBE
0000000000000
0000000000000
10140187B7810
0000000000000
0000000000000
0000000000000
0000000000000
102155A5775D0
106F077CF9D52
0000000000000
0000000000000
0000000000000
1A55BC1B99BF2
0000000000000
111D06764D6A6
0000000000000
0000000000000
12C007331A373
1AE6A86BACC05
0000000000000
0000000000000
10344AB4FD556
0000000000000
105DADECD5D2E
108F0674D9532
0000000000000
0000000000000
0000000000000
0000000000000
1847B1AB6ABC3
0000000000000
108B0600D412D
0000000000000
115323AACDB26
103E27EC62CBB
0000000000000
10E2060D47DA0
0000000000000
0000000000000
116C09DD77DD0
0000000000000
0000000000000
0000000000000
0000000000000
0000000000000
0000000000000
0000000000000
14CF1BCE1AE73
1816A90B62BBB
0000000000000
136F1993D442D
0000000000000
109921D1C521E
0000000000000
0000000000000
0000000000000
0000000000000
104D10CA54AAD
0000000000000
0000000000000
103C05A8C8921
0000000000000
0000000000000
0000000000000
102C0664504A9
123A04D9599B2
0000000000000
0000000000000
0000000000000
0000000000000
0000000000000
0000000000000
0000000000000
0000000000000
0000000000000
0000000000000
115F3E394399C
10E684DD49DA2
10634D981286B
19A910AB86BDF
108F05F27C2D5
10CA4AD5495A2
0000000000000
1A3935EEAEF07
10E205093498D
0000000000000
0000000000000
10400493573B0
104C06EA4EAA7
1048053C8FCE8
0000000000000
1353074DD5E2E
0000000000000
0000000000000
0000000000000
0000000000000
0000000000000
14F6C61E1DE76
0000000000000
0000000000000
0000000000000
1C9B456F05F5E
0000000000000
1040059C6DCC6
12E1139B02B5B
11940272E333C
0000000000000
0000000000000
0000000000000
10630B6CE2D3B
0000000000000
0000000000000
0000000000000
0000000000000
0000000000000
0000000000000
12F404A34D3A6
0000000000000
108703D7587B1
0000000000000
0000000000000
0000000000000
0000000000000
0000000000000
0000000000000
0000000000000
0000000000000
0000000000000
10F207413D196
0000000000000
0000000000000
104F34874A7A3
0000000000000
0000000000000
0000000000000
0000000000000
0000000000000
0000000000000
0000000000000
105004D6B7710
0000000000000
16F2E69E52EAB
10FA05E12D186
10400713583B1
102C036C08C61
1042275A31A8A
0000000000000
0000000000000
0000000000000
0000000000000
0000000000000
0000000000000
1023023BDEC37
0000000000000
0000000000000
0000000000000
0000000000000
0000000000000
0000000000000
0000000000000
1D5B053F27F80
110805BD54DAD
1267D71DB0E09
0000000000000
0000000000000
0000000000000
0000000000000
106A067CF5D4E
178B2FBB58BB1
15B204DE31E8A
0000000000000
0000000000000
0000000000000
149609DE0EE67
103B0E11D122A
16501A179D7F6
102303B8A48FD
0000000000000
105E04E80F868
1BA50BAED8F31
0000000000000
101701261566E
1369053B0DB66
0000000000000
0000000000000
0000000000000
0000000000000
102F0E08B690F
0000000000000
0000000000000
0000000000000
11000610A8101
0000000000000
0000000000000
1C6A05AEF0F49
0000000000000
10330FF7D682F
0000000000000
10B106B7617BA
106A047CF4D4D
0000000000000
0000000000000
0000000000000
0000000000000
0000000000000
10BD0480DD136
103B0C18C491D
0000000000000
0000000000000
0000000000000
100B055BBEC17
0000000000000
0000000000000
109D1A0A98AF1
12D307196C9C5
0000000000000
103F4B78D192A
0000000000000
12B9227DC0E19
11C605FD8EDE7
0000000000000
0000000000000
0000000000000
10E01A123C295
102306B0E613F
0000000000000
106993FA7EAD7
102526A9EAA43
0000000000000
0000000000000
0000000000000
0000000000000
0000000000000
0000000000000
10343808BF918
0000000000000
0000000000000
0000000000000
141F04DDF0E49
0000000000000
0000000000000
150840BE25E7E
10B4108928981
0000000000000
103308F72D786
0000000000000
17827AE7B0809
0000000000000
0000000000000
12190601C321C
0000000000000
0000000000000
127A6406EB744
12041235FB654
0000000000000
0000000000000
0000000000000
0000000000000
105E03EA6EAC7
0000000000000
0000000000000
12CF04A28F2E8
106E072217270
0000000000000
10461E83C0419
0000000000000
0000000000000
0000000000000
117F043D7DDD6
0000000000000
172A04EE5AEB3
0000000000000
0000000000000
1C8E099EFEF57
14CE35EE19E72
107A05B6C571E
0000000000000
0000000000000
0000000000000
0000000000000
0000000000000
10270BE0B8111
102B04DC05C5E
0000000000000
10D90454DE537
0000000000000
0000000000000
103F07C8CF928
123505D229282
0000000000000
1D8304DF2BF84
102F0484514AA
11EE40C4E353C
0000000000000
0000000000000
0000000000000
0000000000000
0000000000000
10B36C582187A
147198EB1FB78
10330476946ED
0000000000000
0000000000000
0000000000000
123504DDA2DFB
12DF04E77D7D6
0000000000000
0000000000000
103304F53358C
1037072C45C9E
10F103B6D472D
0000000000000
0000000000000
102218D14119A
0000000000000
0000000000000
0000000000000
11380471771D0
10438297F384C
103F05C038091
10461304CE527
11BF3DED8CDE5
0000000000000
19FB714EA9F02
0000000000000
103704233F398
0000000000000
108A06745E4B7
0000000000000
1D34067F22F7B
0000000000000
0000000000000
1033067C30C89
0000000000000
103B0414554AE
103F04C00205B
104303B11E177
119304AAD9B32
0000000000000
0000000000000
103306FA0BA64
0000000000000
0000000000000
0000000000000
0000000000000
104705E11C175
103E1360EA143
0000000000000
102F40357A5D3
0000000000000
104E16A1B320C
0000000000000
0000000000000
102D2045795D2
0000000000000
1F3E03FF3EF97
0000000000000
0000000000000
0000000000000
1040359C75CCE
0000000000000
1E45054F39F92
159B04DB3AB93
0000000000000
0000000000000
0000000000000
182C31488E8E7
0000000000000
0000000000000
0000000000000
0000000000000
0000000000000
0000000000000
10FD0600C511E
0000000000000
0000000000000
104306321C275
104707E6AD706
0000000000000
0000000000000
0000000000000
0000000000000
10B10B330535E
108A03F0CF128
17A504DE6FEC8
0000000000000
0000000000000
104F0480580B1
10F904D3623BB
0000000000000
0000000000000
0000000000000
0000000000000
104706E62E687
0000000000000
102F030C1AC73
0000000000000
0000000000000
0000000000000
0000000000000
0000000000000
0000000000000
0000000000000
0000000000000
0000000000000
0000000000000
104E0A2807860
0000000000000
1264566DAAE03
0000000000000
10B405064569E
0000000000000
1059045017070
10B8067D37D90
1625D2FE37E90
0000000000000
0000000000000
111307A93A993
1C8A1DAEFBF54
0000000000000
0000000000000
0000000000000
0000000000000
115605B1E0239
10AC05E64469D
0000000000000
0000000000000
17DF8C088A8E3
10331C7C34C8D
0000000000000
0000000000000
104A08F7FD856
0000000000000
10220358A08F9
1061077810869
10502A5CB6D0F
1E28C2EF35F8E
101D3003BC415
0000000000000
1358061DD9E32
182E0E0E7FED8
0000000000000
106104F58A5E3
0000000000000
0000000000000
10B80474DB534
0000000000000
0000000000000
0000000000000
111305AAC2B1B
103E0DE7E183A
0000000000000
0000000000000
0000000000000
0000000000000
0000000000000
17851F5E63EBC
10420BD73D796
106105F1571B0
0000000000000
0000000000000
0000000000000
0000000000000
0000000000000
0000000000000
1737AD6E5BEB4
0000000000000
0000000000000
1B9C0A2ED7F30
0000000000000
0000000000000
0000000000000
0000000000000
0000000000000
0000000000000
1087698910969
0000000000000
0000000000000
1264D2CDABE04
0000000000000
0000000000000
0000000000000
0000000000000
10E62B74B550E
0000000000000
0000000000000
0000000000000
107504643448D
0000000000000
102207D67F6D8
106103F38A3E3
0000000000000
0000000000000
147C36B6676C0
104E0FAA5FAB8
0000000000000
0000000000000
0000000000000
103E0AE06D0C6
0000000000000
0000000000000
10371B257E5D7
167704D708761
0000000000000
0000000000000
0000000000000
103E096A25A7E
0000000000000
190703B9BDA16
1012019BC1C1A
100E00A4C451D
14442ED4484A1
0000000000000
0000000000000
0000000000000
0000000000000
0000000000000
0000000000000
0000000000000
0000000000000
0000000000000
0000000000000
0000000000000
111B06C51256B
0000000000000
1063216CE4D3D
0000000000000
102A04FBFEC57
0000000000000
0000000000000
0000000000000
1CAADCBF07F60
105903D0740CD
0000000000000
0000000000000
13232A051A573
0000000000000
0000000000000
0000000000000
0000000000000
0000000000000
0000000000000
0000000000000
10E00614624BB
1D09AD9F1CF75
10220A59DCA35
103E07EA24A7D
107B2B42952EE
10625E08F394C
0000000000000
0000000000000
0000000000000
0000000000000
0000000000000
0000000000000
0000000000000
10DC04A4DF538
1032049138191
0000000000000
0000000000000
0000000000000
12DA05DDC7E20
103E06EA23A7C
123C0615FE657
16716856736CC
103F96AC6ACC3
16B71CDE4DEA6
0000000000000
0000000000000
104713EA3DA96
0000000000000
0000000000000
113F0535F464D
143604DDF2E4B
0000000000000
104A03F32537E
0000000000000
0000000000000
118A07A3643BD
11A2403D89DE2
0000000000000
164803FE3AE93
0000000000000
0000000000000
0000000000000
102209DBD9C32
0000000000000
0000000000000
128B05FAF4B4D
0000000000000
0000000000000
0000000000000
1089069D15D6E
1B8806BED4F2D
0000000000000
0000000000000
0000000000000
0000000000000
1D53071F26F7F
1040249C72CCB
112B40B76B7C4
0000000000000
0000000000000
0000000000000
0000000000000
10632A6CE6D3F
0000000000000
13DCD15DECE45
10AC0860CC125
0000000000000
0000000000000
0000000000000
0000000000000
0000000000000
0000000000000
0000000000000
1CBE2A0F0DF66
18814189B7A10
0000000000000
0000000000000
128B03F5575B0
0000000000000
0000000000000
159A05F66E6C7
10460407F684F
0000000000000
0000000000000
0000000000000
0000000000000
0000000000000
104E04200405D
0000000000000
0000000000000
10220CD9DDA36
0000000000000
0000000000000
0000000000000
0000000000000
18561A2B6BBC4
0000000000000
102C226C0BC64
0000000000000
0000000000000
0000000000000
0000000000000
0000000000000
105134B5D9632
0000000000000
10460687F7850
0000000000000
0000000000000
0000000000000
0000000000000
164806779C7F5
0000000000000
128D2162B630F
0000000000000
1780433E61EBA
0000000000000
105B2A4A6BAC4
0000000000000
0000000000000
1D5D05FF28F81
104108A4774D0
0000000000000
11EB18AD97DF0
0000000000000
0000000000000
14D9AC5E1CE75
102C1CBC0AC63
102502F13B194
105C855A6CAC5
0000000000000
0000000000000
0000000000000
0000000000000
104D0A10AC105
0000000000000
0000000000000
0000000000000
0000000000000
122E1D1AECB45
0000000000000
0000000000000
0000000000000
0000000000000
183FAEDB69BC2
102103271B774
0000000000000
0000000000000
174579B7AE807
0000000000000
0000000000000
0000000000000
126735DDAEE07
165A067E3CE95
0000000000000
105C07FCD1D2A
0000000000000
0000000000000
1AA4A82BA8C01
0000000000000
0000000000000
0000000000000
161305B7977F0
0000000000000
0000000000000
103B2D44744CD
0000000000000
0000000000000
0000000000000
0000000000000
15D66F8E34E8D
10390D00940ED
0000000000000
111D12A1B620F
0000000000000
0000000000000
0000000000000
0000000000000
0000000000000
105C0672F0349
182810CE7EED7
1D06067F1BF74
0000000000000
0000000000000
0000000000000
0000000000000
180010AE77ED0
0000000000000
1F58704F41F9A
1814931B61BBA
1135D91D65DBE
10490D4108161
0000000000000
0000000000000
0000000000000
0000000000000
0000000000000
10B1216AA2AFB
102D08112E187
106352E6BE717
10F03C8AB8B11
0000000000000
0000000000000
0000000000000
0000000000000
0000000000000
0000000000000
10490C48DD936
0000000000000
1A7E06BEBEF17
0000000000000
111C2471F224B
0000000000000
162A16BB40B99
0000000000000
0000000000000
1025047BEBC44
11801A91531AC
0000000000000
105C03F02F088
10150135B460D
0000000000000
0000000000000
0000000000000
102504F26D2C6
0000000000000
0000000000000
1A991E8BA6BFF
101501B2E7340
131C071B08B61
117904D54F5A8
0000000000000
105B12926A2C3
0000000000000
10631134874E0
0000000000000
0000000000000
11D004D3CE427
0000000000000
0000000000000
10A44DC6CE727
1021052BD3C2C
0000000000000
0000000000000
1217071840899
0000000000000
0000000000000
102904C5BB614
0000000000000
0000000000000
103D07D20425D
103325261F678
1C8C068EFDF56
1099B06D1BD74
102D04924229B
13EA071DEDE46
0000000000000
0000000000000
163305BB41B9A
0000000000000
0000000000000
0000000000000
0000000000000
0000000000000
0000000000000
0000000000000
103D06D04209B
0000000000000
0000000000000
0000000000000
0000000000000
0000000000000
10BB0E11FA253
10210B2BD4C2D
0000000000000
0000000000000
0000000000000
104541A7F584E
0000000000000
0000000000000
0000000000000
0000000000000
158D04D7947ED
0000000000000
0000000000000
0000000000000
102D069C10C69
0000000000000
17A0700E6EEC7
0000000000000
1AF810ABAFC08
0000000000000
0000000000000
0000000000000
0000000000000
104903C0E513E
0000000000000
0000000000000
0000000000000
0000000000000
0000000000000
1A3B04CB90BE9
11741A26546AD
0000000000000
102E77AC18C71
0000000000000
103D04501306C
105C0E7CD2D2B
0000000000000
0000000000000
102D07168C6E5
0000000000000
0000000000000
0000000000000
107AAE4D0BD64
14DA50578F7E8
0000000000000
16E89359A39FC
104D06974579E
0000000000000
0000000000000
10210E29D5A2E
0000000000000
0000000000000
0000000000000
1031016A04A5D
0000000000000
0000000000000
1204B94D9DDF6
104105A3FD456
0000000000000
0000000000000
103F2211D7230
0000000000000
125A090DA7E00
0000000000000
104505FC89CE2
10210F25765CF
0000000000000
0000000000000
0000000000000
0000000000000
104D071A53AAC
104325E36F3C8
0000000000000
104106A73A793
0000000000000
0000000000000
103F211C69CC2
105105E14219B
15173EB66B6C4
0000000000000
0000000000000
0000000000000
0000000000000
13FA04D46B4C4
0000000000000
19F804DEA8F01
0000000000000
1636505B42B9B
0000000000000
0000000000000
0000000000000
148003BB24B7D
0000000000000
143C5098628BB
0000000000000
0000000000000
0000000000000
0000000000000
0000000000000
144B652DF7E50
103502B7D7830
0000000000000
104D05163268B
0000000000000
0000000000000
0000000000000
0000000000000
10DECD1D46D9F
0000000000000
10240210AA103
0000000000000
0000000000000
0000000000000
0000000000000
0000000000000
135A04D8568AF
102A23AC00C59
13893DE85A8B3
0000000000000
0000000000000
105B0494854DE
0000000000000
13AF657B12B6B
0000000000000
0000000000000
0000000000000
0000000000000
0000000000000
105B041028081
0000000000000
101801ABC8C21
105F04E04409D
181D10388D8E6
0000000000000
0000000000000
0000000000000
0000000000000
0000000000000
0000000000000
0000000000000
10344F05C0619
0000000000000
0000000000000
0000000000000
0000000000000
118A2FFD82DDB
0000000000000
0000000000000
0000000000000
0000000000000
0000000000000
0000000000000
0000000000000
0000000000000
1063053CE1D3A
0000000000000
0000000000000
0000000000000
0000000000000
0000000000000
105B0610A30FC
0000000000000
0000000000000
105F06E4D652F
10400B4C71CCA
0000000000000
0000000000000
0000000000000
171704DE56EAF
0000000000000
0000000000000
0000000000000
103E6B6A28A81
0000000000000
0000000000000
0000000000000
0000000000000
0000000000000
11984CA48E4E7
0000000000000
0000000000000
0000000000000
111904D1B520E
10262758AB904
0000000000000
0000000000000
0000000000000
0000000000000
0000000000000
117004D2E233B
0000000000000
0000000000000
0000000000000
0000000000000
0000000000000
1A961D1BA5BFE
137827C33538E
0000000000000
17D5069B5FBB8
0000000000000
10500D84834DC
10140157B580E
0000000000000
0000000000000
1153AD5ACEB27
0000000000000
0000000000000
0000000000000
10100101A9202
10340BDC3DC96
0000000000000
156C06766D6C6
1C76346EF5F4E
1024049BE6C3F
0000000000000
0000000000000
1022A5EBDDC36
10540C5CC4D1D
0000000000000
117F3467707C9
106B07D6C171A
0000000000000
0000000000000
132415360465D
0000000000000
0000000000000
0000000000000
13AE5394EC545
0000000000000
1024059BE7C40
107306F0D312C
0000000000000
0000000000000
14581C178A7E3
0000000000000
0000000000000
16EF70170C765
0000000000000
0000000000000
11580C712317C
104440CA35A8E
0000000000000
0000000000000
11CB0A2D8FDE8
0000000000000
0000000000000
0000000000000
18A5628B73BCC
0000000000000
0000000000000
0000000000000
0000000000000
108B07D31636F
15611FE5685C1
15580D6B35B8E
104620D6AC705
105B0C10ED146
10770B43733CC
0000000000000
0000000000000
0000000000000
109B4045485A1
0000000000000
104910CC95CEE
0000000000000
103407503B094
0000000000000
1A36049EADF06
0000000000000
111D0BA2962EF
104D10980385C
102629D2AB304
0000000000000
0000000000000
0000000000000
0000000000000
0000000000000
0000000000000
0000000000000
0000000000000
10300688B8911
0000000000000
0000000000000
103C04F5C261B
0000000000000
0000000000000
0000000000000
0000000000000
0000000000000
0000000000000
122429EAEAB43
14A301A9859DE
0000000000000
0000000000000
0000000000000
123E04D6E673F
105B099CCFD28
0000000000000
11A6A78ADEB37
103C03F0A9102
104004C109162
0000000000000
0000000000000
104C06B3883E1
105968BCC8D21
10EA03F4634BC
0000000000000
0000000000000
104A25A630689
10440494784D1
104D1618E193A
0000000000000
18781F0B6FBC8
0000000000000
11290E123D296
0000000000000
0000000000000
11A2A7BD8ADE3
0000000000000
0000000000000
13875059799D2
0000000000000
0000000000000
0000000000000
11F707183D896
0000000000000
10CE0FC0BB114
0000000000000
0000000000000
11A0049ADCB35
0000000000000
0000000000000
0000000000000
0000000000000
0000000000000
0000000000000
14741FC6656BE
10756FE6C371C
0000000000000
0000000000000
0000000000000
11E450983B894
0000000000000
104C04363168A
0000000000000
10340251881E1
0000000000000
0000000000000
0000000000000
0000000000000
104736BC8ECE7
0000000000000
0000000000000
0000000000000
14763D0E02E5B
0000000000000
1040074A2AA83
15210D64F154A
0000000000000
104C0535D362C
102F0C536A3C3
161107A70375C
0000000000000
0000000000000
0000000000000
10238249E3A3C
0000000000000
0000000000000
122492CAEBB44
0000000000000
0000000000000
0000000000000
0000000000000
0000000000000
102703349D4F6
0000000000000
0000000000000
0000000000000
0000000000000
10530A21961EF
0000000000000
10B104E92597E
0000000000000
0000000000000
0000000000000
0000000000000
10170177B8811
11821D5D7FDD8
111396D93C995
0000000000000
0000000000000
0000000000000
109A0A604E0A7
0000000000000
15C202C9909E9
10330F2C31C8A
0000000000000
103B0DCA17A70
0000000000000
0000000000000
12110531C8221
0000000000000
0000000000000
0000000000000
0000000000000
0000000000000
0000000000000
10492BC7FC855
125C06C2C331C
0000000000000
0000000000000
0000000000000
103F0C15805D9
0000000000000
0000000000000
0000000000000
0000000000000
0000000000000
116305B94499D
0000000000000
0000000000000
106E03F1CE227
111C422AC5B1E
0000000000000
0000000000000
0000000000000
0000000000000
0000000000000
0000000000000
0000000000000
0000000000000
0000000000000
0000000000000
117F87CAD5B2E
1B5810AED1F2A
124E3E939A3F3
0000000000000
0000000000000
0000000000000
0000000000000
0000000000000
103E1A32752CE
0000000000000
0000000000000
0000000000000
0000000000000
0000000000000
102307646F4C8
109A0DED1DD76
0000000000000
106333B5E163A
0000000000000
0000000000000
106E05FCF8D51
11930AF28D2E6
0000000000000
10C5067AADB06
0000000000000
0000000000000
1013012338391
0000000000000
1A58025EB5F0E
102705B6866DF
10230469DFA38
0000000000000
0000000000000
0000000000000
101301A5B360C
0000000000000
0000000000000
12BA1086EC745
10E67957657BE
0000000000000
0000000000000
0000000000000
1076059908961
13D80B43A33FC
1CACD39F09F62
0000000000000
0000000000000
147E04A5A55FE
0000000000000
104C7D68E0939
104A5ED7FF858
0000000000000
0000000000000
0000000000000
102305E29B2F4
0000000000000
0000000000000
0000000000000
0000000000000
0000000000000
0000000000000
1042108C7CCD5
19140F3E94EED
0000000000000
0000000000000
0000000000000
0000000000000
13220A23B640F
0000000000000
0000000000000
0000000000000
10E50770900E9
0000000000000
0000000000000
103304241D476
108A0422482A1
103B06C53558E
1153127D6FDC8
108604D1741CD
0000000000000
0000000000000
113807A19F1F8
102FC5EC1CC75
104A10AA49AA2
0000000000000
102D25161C675
0000000000000
0000000000000
1E8C04DF3CF95
14760886666BF
113C05F82D886
103F05101F078
0000000000000
104703B0620BB
0000000000000
0000000000000
0000000000000
0000000000000
0000000000000
0000000000000
103B0541B0209
0000000000000
10691DC8FD956
10F01281D0229
0000000000000
0000000000000
0000000000000
0000000000000
103B04C00305C
119304732F388
0000000000000
102F07D41C475
0000000000000
0000000000000
0000000000000
0000000000000
0000000000000
0000000000000
125B1E684689F
0000000000000
1AA8071EC2F1B
0000000000000
0000000000000
0000000000000
103B03C1471A0
104705B3AB404
104304606C0C5
0000000000000
109E05B91D976
1AF7067BAEC07
105307A1A41FD
0000000000000
0000000000000
119303FD86DDF
104304E01206B
0000000000000
0000000000000
103210C6936EC
0000000000000
0000000000000
0000000000000
0000000000000
0000000000000
159F04D6FD756
14AE39BE11E6A
139502D37B3D4
0000000000000
0000000000000
10A427928C2E5
0000000000000
104305E629682
0000000000000
0000000000000
0000000000000
104D64CA5AAB3
0000000000000
0000000000000
0000000000000
0000000000000
1781023B54BAD
103E11B69F6F8
0000000000000
0000000000000
0000000000000
0000000000000
0000000000000
0000000000000
0000000000000
0000000000000
0000000000000
0000000000000
0000000000000
0000000000000
0000000000000
0000000000000
102F03DA00A59
102B030C03C5C
16F306B8808D9
10474666AF708
0000000000000
11FA05BD99DF2
0000000000000
0000000000000
0000000000000
0000000000000
0000000000000
116206D11D176
10F1D9FD4EDA7
0000000000000
0000000000000
0000000000000
0000000000000
0000000000000
0000000000000
0000000000000
0000000000000
0000000000000
1089CDDD16D6F
0000000000000
0000000000000
0000000000000
0000000000000
10160199D0A29
0000000000000
0000000000000
15B767BE32E8B
1742199E5CEB5
0000000000000
10B404D927980
10F80BA0BC115
0000000000000
102A02A68A6E3
12E60E73A03F9
10220301711CA
0000000000000
0000000000000
0000000000000
0000000000000
102751EBF7C50
0000000000000
0000000000000
0000000000000
0000000000000
0000000000000
1AF24B7ECBF24
186504DB6EBC7
0000000000000
0000000000000
16140597987F1
0000000000000
10431AEA32A8B
0000000000000
0000000000000
0000000000000
12DF5E6DC9E22
10402BC8D292B
0000000000000
1CF40A2F18F71
0000000000000
0000000000000
0000000000000
0000000000000
0000000000000
1257071DA6DFF
0000000000000
0000000000000
0000000000000
1589793E2AE83
0000000000000
10E6AB8D4ADA3
147D07C5A45FD
124C0E8DA4DFD
104E0E78E593E
17C0D4EE73ECC
102607D41B474
0000000000000
105AD0FCCCD25
0000000000000
128B0A230A363
10402C47EB844
0000000000000
1022060617670
19370A2E9AEF3
0000000000000
0000000000000
106323358B5E4
0000000000000
0000000000000
10C40514894E2
0000000000000
0000000000000
0000000000000
0000000000000
1120972D5FDB8
13973D67807D9
100A00A6766CF
0000000000000
102207002207B
109A5D991A973
0000000000000
0000000000000
10D80A2AB3B0C
12FCADFDCCE25
118A4B2D83DDC
0000000000000
0000000000000
0000000000000
110452C5935EC
0000000000000
101201471476D
0000000000000
104A0FA16E1C7
0000000000000
0000000000000
0000000000000
0000000000000
115713C12517E
0000000000000
0000000000000
0000000000000
0000000000000
0000000000000
109A5F191B974
0000000000000
103E08B2602B9
0000000000000
0000000000000
0000000000000
117A05B1A7200
0000000000000
0000000000000
0000000000000
103E0738CE927
0000000000000
0000000000000
12EA87284E8A7
0000000000000
0000000000000
0000000000000
1063AE9CEBD44
0000000000000
102C64661A673
10360614534AC
104020450355C
0000000000000
115303FD6EDC7
0000000000000
128704D65B6B4
103E0638CD926
0000000000000
0000000000000
102A0A272677F
10E407126C2C5
0000000000000
0000000000000
0000000000000
103E06B1931EC
0000000000000
0000000000000
0000000000000
104E03F0FA153
178F37BE68EC1
12DE04D9709C9
0000000000000
103E053C5DCB6
0000000000000
0000000000000
0000000000000
0000000000000
0000000000000
0000000000000
0000000000000
103E05B18D1E6
0000000000000
15A310AE2FE88
0000000000000
0000000000000
102D3613523AB
121B3B66E573E
0000000000000
0000000000000
0000000000000
0000000000000
0000000000000
0000000000000
0000000000000
1F4A121F40F99
0000000000000
12601D16586B1
0000000000000
0000000000000
0000000000000
10B11E63C541E
153705398B9E4
0000000000000
10A5067A9BAF4
0000000000000
0000000000000
0000000000000
0000000000000
13DAB03B14B6D
0000000000000
1355470DD8E31
0000000000000
0000000000000
0000000000000
0000000000000
0000000000000
0000000000000
0000000000000
17AB0867B180A
0000000000000
0000000000000
0000000000000
0000000000000
104A0425D162A
104E0772A22FB
0000000000000
104604D62A683
0000000000000
0000000000000
0000000000000
111C1C793F998
104A04A06F0C8
0000000000000
1345059DD2E2B
125B086DA8E01
10502582EE347
0000000000000
0000000000000
10DC03F25C2B5
104A07235A3B3
102E0277CA823
13250C14BF518
0000000000000
0000000000000
0000000000000
10320348BA913
0000000000000
163B3157997F2
0000000000000
0000000000000
0000000000000
0000000000000
0000000000000
0000000000000
14F9D50E24E7D
0000000000000
125004D77A7D3
104D3598E393C
0000000000000
108503FA92AEB
0000000000000
0000000000000
10475668DB934
129707144249B
102E03F61D676
0000000000000
10260C5BF1C4A
102903372577E
1113370AC4B1D
0000000000000
0000000000000
10BF0715915EA
16AC949E4BEA4
102102D5B560E
0000000000000
0000000000000
0000000000000
135F05F30C365
0000000000000
0000000000000
0000000000000
0000000000000
0000000000000
0000000000000
0000000000000
103B2EBC50CA9
10A00BB13318C
101901746D4C6
0000000000000
102103DBD0C29
10250303A63FF
0000000000000
123F0EC22127A
0000000000000
0000000000000
0000000000000
0000000000000
0000000000000
10250383F644F
0000000000000
0000000000000
19BB15BB88BE1
0000000000000
0000000000000
0000000000000
0000000000000
1858067E88EE1
117503F14F1A8
0000000000000
0000000000000
0000000000000
0000000000000
0000000000000
102B2E7C06C5F
0000000000000
108F1D5D18D71
0000000000000
105108980B864
0000000000000
0000000000000
0000000000000
0000000000000
0000000000000
0000000000000
0000000000000
0000000000000
0000000000000
0000000000000
0000000000000
0000000000000
13B5568DE5E3E
0000000000000
0000000000000
0000000000000
10401CB6A36FC
0000000000000
0000000000000
1223067AE9B42
0000000000000
0000000000000
0000000000000
103D4B55C461D
1C02705EE2F3B
0000000000000
0000000000000
0000000000000
0000000000000
0000000000000
10281613A7400
16EC5DE7A8801
102C59FC0CC65
0000000000000
136253B9779D0
10740424AE507
13696246EF748
0000000000000
17493CA8858DE
10C435E3913EA
0000000000000
0000000000000
0000000000000
0000000000000
0000000000000
109B5F96CA723
11EE2E37767CF
0000000000000
10E168882587E
1A45AE3B94BED
0000000000000
102104DBD1C2A
0000000000000
121B0712512AA
0000000000000
0000000000000
0000000000000
0000000000000
0000000000000
0000000000000
102504815F1B8
0000000000000
0000000000000
0000000000000
0000000000000
10AB43D92397C
0000000000000
102A7407C7820
1135DA0D66DBF
0000000000000
0000000000000
14D69B0E1BE74
0000000000000
0000000000000
0000000000000
0000000000000
107A25945D4B6
10232A1BE3C3C
0000000000000
0000000000000
0000000000000
122B04D9579B0
0000000000000
19A142DEA3EFC
1438D67DF5E4E
10290BBBFDC56
0000000000000
0000000000000
1C562C1EEBF44
0000000000000
0000000000000
0000000000000
0000000000000
0000000000000
102D05E0910EA
0000000000000
104011BA2BA84
0000000000000
0000000000000
0000000000000
119106C14419D
0000000000000
0000000000000
10A403E2A32FC
0000000000000
0000000000000
0000000000000
0000000000000
0000000000000
104633AA39A92
102D06E61B674
0000000000000
0000000000000
0000000000000
0000000000000
0000000000000
109005F43648F
0000000000000
0000000000000
0000000000000
1686071E43E9C
0000000000000
0000000000000
16E895EB4FBA8
152A0995665BF
102908302B084
102D07E33D396
0000000000000
0000000000000
0000000000000
0000000000000
0000000000000
13080E755B5B4
12E105344349C
10B30E8AA3AFC
104413E1731CC
0000000000000
128E05E9649BD
103D04205A0B3
103416A23228B
0000000000000
0000000000000
104D06E2B0309
103051AC21C7A
0000000000000
0000000000000
0000000000000
0000000000000
109003F140199
0000000000000
0000000000000
19E532DEA7F00
0000000000000
0000000000000
0000000000000
0000000000000
1045048C88CE1
0000000000000
0000000000000
111D1CD2C131A
0000000000000
0000000000000
0000000000000
110CABAD58DB1
1699954E48EA1
1528AE8E27E80
105979ACC9D22
0000000000000
10AB0920C411D
1036336C43C9C
0000000000000
143B627B19B72
109A259D1ED77
113203E119172
104D04E02107A
1051059CB9D12
0000000000000
105C0B81561AF
0000000000000
10771CB6C471D
0000000000000
18FD6579BCA15
104D0461951EE
10A404ED23D7C
0000000000000
103323D1EF248
0000000000000
12AC1A284C8A5
0000000000000
0000000000000
0000000000000
1051049327380
0000000000000
0000000000000
0000000000000
0000000000000
10FB04E2B430D
0000000000000
0000000000000
0000000000000
0000000000000
0000000000000
0000000000000
0000000000000
0000000000000
10B205ED30D89
1C941F5F01F5A
0000000000000
0000000000000
0000000000000
0000000000000
0000000000000
102663DBF2C4B
0000000000000
0000000000000
0000000000000
104A29D74379C
0000000000000
185A34BE8BEE4
0000000000000
0000000000000
0000000000000
10280219F6A4F
0000000000000
0000000000000
0000000000000
101801567A6D3
107703BA89AE2
105B04ECCDD26
104C0B411116A
0000000000000
0000000000000
10415906A7700
0000000000000
0000000000000
0000000000000
0000000000000
0000000000000
0000000000000
10ABD6BD2CD85
0000000000000
0000000000000
0000000000000
0000000000000
0000000000000
0000000000000
104D18618E1E7
0000000000000
0000000000000
0000000000000
116404994599E
0000000000000
19904D7EA1EFA
0000000000000
0000000000000
0000000000000
106015BA71ACA
0000000000000
0000000000000
10404BE62367C
0000000000000
0000000000000
0000000000000
0000000000000
0000000000000
0000000000000
0000000000000
145B067DFEE57
12D440B55A5B3
17FA5E67B380C
136603B37A3D3
0000000000000
0000000000000
0000000000000
0000000000000
0000000000000
0000000000000
0000000000000
0000000000000
0000000000000
0000000000000
179E0DEE6BEC4
0000000000000
0000000000000
0000000000000
0000000000000
0000000000000
0000000000000
0000000000000
0000000000000
10981D51BF218
10634377527AB
103008FC1EC77
11414D34B650F
14384B9DF4E4D
107F86FD11D6A
10400D315A1B3
0000000000000
0000000000000
0000000000000
102F39AA01A5A
119B7F983688F
0000000000000
10511D98E8941
0000000000000
0000000000000
106F46090395C
10140122FC355
0000000000000
109B4F191C975
104D1C68E293B
0000000000000
0000000000000
0000000000000
13552DADD6E2F
101401A4F554E
10500D78E693F
100C01C529582
197C04DE9FEF8
10C4276D3BD94
0000000000000
0000000000000
0000000000000
16306AE6706C9
12C8067AFEB57
0000000000000
10B3128AA4AFD
0000000000000
0000000000000
0000000000000
0000000000000
1077053218271
0000000000000
10491132DE337
0000000000000
0000000000000
0000000000000
0000000000000
11640E15965EF
104D5297487A1
105003F0680C1
0000000000000
0000000000000
10240AE17A1D3
0000000000000
103C0700A00F9
0000000000000
0000000000000
0000000000000
0000000000000
0000000000000
13AB6DBB11B6A
0000000000000
103C0683553AE
0000000000000
103404222427D
0000000000000
0000000000000
0000000000000
10870471A11FA
18A96289BAA13
103C06023428D
0000000000000
102D5518B390C
102F35A3823DB
0000000000000
0000000000000
0000000000000
10D606993198A
0000000000000
0000000000000
0000000000000
10251809E9A42
1043329A34A8D
0000000000000
0000000000000
108B042118171
0000000000000
0000000000000
0000000000000
0000000000000
0000000000000
0000000000000
0000000000000
104003B42347C
103C0482BA313
10D8275D42D9B
107709B63D696
10E604D6496A2
192948B9C2A1B
1042237C7DCD6
191A9BC9C0A19
102C47749E4F7
10C20B20930EC
0000000000000
0000000000000
0000000000000
0000000000000
0000000000000
1BFD07DBBCC15
0000000000000
129103F24129A
0000000000000
0000000000000
0000000000000
1D41043F25F7E
0000000000000
0000000000000
1040043C6BCC4
0000000000000
0000000000000
129904DDB8E11
0000000000000
0000000000000
0000000000000
0000000000000
0000000000000
0000000000000
107D2EA32C385
103E22473678F
0000000000000
10B20863613BA
10273E472477D
104405E1B120A
1040053C6CCC5
0000000000000
0000000000000
0000000000000
10500674824DB
102C02CC07C60
1048071A42A9B
108703F7597B2
0000000000000
1A48A74B95BEE
0000000000000
147CDDAE09E62
1CABDAEF08F61
0000000000000
0000000000000
0000000000000
0000000000000
0000000000000
0000000000000
0000000000000
0000000000000
0000000000000
102D13E1D522E
15D703F5AF608
0000000000000
0000000000000
10180F59D4A2D
124E85484389C
10A8947D28D81
0000000000000
14CC2D55A7600
0000000000000
0000000000000
0000000000000
10295CE6896E2
0000000000000
10300275BE617
0000000000000
15E95F25B0609
13690718578B0
0000000000000
10B906792B984
0000000000000
0000000000000
105A04100E067
1023029BDFC38
0000000000000
0000000000000
0000000000000
11EB38533138A
0000000000000
0000000000000
0000000000000
0000000000000
0000000000000
0000000000000
1D371FEF23F7C
10330C57D582E
0000000000000
178BAFFE66EBF
0000000000000
0000000000000
0000000000000
10B104192497D
0000000000000
0000000000000
0000000000000
0000000000000
10FB2A6937990
0000000000000
0000000000000
0000000000000
0000000000000
0000000000000
10434A4C85CDE
105E074CD6D2F
1924403E97EF0
0000000000000
0000000000000
0000000000000
0000000000000
0000000000000
0000000000000
0000000000000
0000000000000
0000000000000
0000000000000
0000000000000
0000000000000
13B406097B9D4
0000000000000
0000000000000
0000000000000
11B82583953EE
1108069117170
0000000000000
106A04D32A383
185E06EB6DBC6
10370D0A13A6C
10412B5A2EA87
0000000000000
0000000000000
0000000000000
103B0BBC4DCA6
0000000000000
0000000000000
0000000000000
0000000000000
0000000000000
106913B1511AA
0000000000000
152807AE26E7F
0000000000000
1076066D03D5C
0000000000000
0000000000000
0000000000000
0000000000000
0000000000000
158B0BB56A5C3
0000000000000
0000000000000
17D40619B0A09
0000000000000
11500EF48B4E4
188E0BAB71BCA
0000000000000
0000000000000
0000000000000
0000000000000
102A96BC02C5B
0000000000000
0000000000000
10430E150455D
14D105A5635BC
0000000000000
0000000000000
103F4917E483D
1A2FAA0B8EBE7
16840A299A9F3
16AD628E4CEA5
1CD505FF13F6C
0000000000000
0000000000000
0000000000000
0000000000000
0000000000000
100B007BBDC16
0000000000000
0000000000000
11CE0532E433D
0000000000000
0000000000000
0000000000000
0000000000000
0000000000000
102F0B2C1BC74
0000000000000
17A18D29ADA06
11071270DA133
14F90D8E23E7C
1371067DDBE34
0000000000000
0000000000000
0000000000000
0000000000000
0000000000000
0000000000000
0000000000000
10130F51D422D
0000000000000
0000000000000
0000000000000
0000000000000
10270B4BF4C4D
152B1436FB754
0000000000000
0000000000000
11FE03F5FA653
13CC0A27837DC
0000000000000
0000000000000
0000000000000
0000000000000
0000000000000
0000000000000
0000000000000
10611FD2782D1
10F140C828881
0000000000000
0000000000000
105A4DC8EF948
108A04D50D566
10D905F4B450D
0000000000000
0000000000000
10FB226D50DA9
109B73975A7B3
12DF0749719CA
182E960B66BBF
0000000000000
10256839ECA45
0000000000000
105E0F4A6FAC8
0000000000000
10230896816DA
10620C7CDED37
103B053019072
0000000000000
0000000000000
10FBA14D51DAA
0000000000000
0000000000000
103E942C66CBF
0000000000000
103B04B3DC435
103F0467E283B
0000000000000
0000000000000
0000000000000
0000000000000
14FC5044C351C
0000000000000
127F58FDB5E0E
103F04E00F068
0000000000000
119E12F2982F1
10212952AA303
0000000000000
10660BA8F8951
0000000000000
18192C1E79ED2
0000000000000
12EB04D77E7D7
16EE14770B764
0000000000000
0000000000000
10430492AD306
104E56B6B670F
1E09099F33F8C
135818BDDAE33
0000000000000
0000000000000
0000000000000
0000000000000
0000000000000
0000000000000
0000000000000
0000000000000
0000000000000
0000000000000
0000000000000
0000000000000
129B1419679C0
0000000000000
0000000000000
0000000000000
0000000000000
0000000000000
0000000000000
104F07A5D8631
104306105E0B7
0000000000000
109A464D1FD78
134206D2FA353
0000000000000
1035A32A12A6B
104B04F0CA123
0000000000000
0000000000000
0000000000000
1A3A70CEAFF08
0000000000000
0000000000000
0000000000000
0000000000000
104F04A01606F
0000000000000
0000000000000
0000000000000
0000000000000
117F0C11841DD
0000000000000
0000000000000
0000000000000
1388D28DDEE37
10270C4BF5C4E
0000000000000
10AA04D13C195
10760D6A87AE0
0000000000000
159B0678748CD
16CB0D67A47FD
0000000000000
104208FC7BCD4
0000000000000
0000000000000
128E3E639C3F5
0000000000000
0000000000000
0000000000000
0000000000000
0000000000000
0000000000000
10C1500AAAB03
0000000000000
118A4DB7737CC
0000000000000
1DE1CE4F31F8A
114F0B5ACBB24
102712C44F4A8
0000000000000
102B5DA8AF908
0000000000000
0000000000000
0000000000000
0000000000000
102602272377C
0000000000000
0000000000000
0000000000000
0000000000000
12841D923128A
0000000000000
101A01989B8F4
0000000000000
0000000000000
0000000000000
0000000000000
107610E0BD116
10694565E263B
106104D2E0339
106504004509E
0000000000000
0000000000000
0000000000000
104A0BDC9BCF4
0000000000000
163F7D879A7F3
0000000000000
10302F7C20C79
0000000000000
0000000000000
0000000000000
0000000000000
0000000000000
1204071D9BDF4
106105D0950EE
0000000000000
0000000000000
10482A93593B2
0000000000000
0000000000000
1C6505BEEFF48
0000000000000
179D1A18888E1
0000000000000
0000000000000
0000000000000
0000000000000
0000000000000
1079067A8BAE4
0000000000000
0000000000000
104F1E231236B
0000000000000
11EB6C0AE5B3E
0000000000000
0000000000000
12A81FC2F634F
0000000000000
0000000000000
0000000000000
0000000000000
0000000000000
0000000000000
120C03F7777D0
0000000000000
10C1D5ED3AD93
0000000000000
0000000000000
199A0DEB85BDE
10621374864DF
10513E153F598
10C005308A0E3
1AE24B2ECAF23
15871805695C2
0000000000000
0000000000000
102605A6846DD
102204F9DAA33
103A4844A34FC
0000000000000
0000000000000
101201BBC2C1B
0000000000000
0000000000000
0000000000000
0000000000000
10C406E3C7420
107507C1E423D
0000000000000
101201371376C
0000000000000
0000000000000
0000000000000
0000000000000
0000000000000
0000000000000
0000000000000
0000000000000
0000000000000
0000000000000
167F04DE42E9B
1027144137190
104E0D853D596
0000000000000
105903FCC6D1F
0000000000000
0000000000000
12870A22F534E
10890532D0329
104D32E3C341C
145203CDFAE53
14E40675A8601
10590C78ED946
1A4C029EB3F0C
103E074C61CBA
0000000000000
0000000000000
0000000000000
0000000000000
0000000000000
0000000000000
1436067B17B70
0000000000000
0000000000000
0000000000000
104D33ECADD06
1B243B6ECDF26
0000000000000
0000000000000
0000000000000
0000000000000
13532263A13FA
0000000000000
123404D5535AC
0000000000000
0000000000000
1182052D7EDD7
107D0A212217B
14F803EE20E79
0000000000000
0000000000000
0000000000000
0000000000000
10750B427B2D4
0000000000000
0000000000000
0000000000000
1B9005FED6F2F
148D047E0DE66
0000000000000
102E0688B590E
0000000000000
0000000000000
112929EAC9B22
0000000000000
0000000000000
0000000000000
104203F01C075
0000000000000
0000000000000
0000000000000
10446316AA703
0000000000000
0000000000000
19DD067EA6EFF
145240755E5B7
102E0780570B0
104DB14CAFD08
0000000000000
0000000000000
103E04C73578E
0000000000000
104605A1DD236
104204F427480
1B711D9BB7C10
10750D4D01D5A
0000000000000
185D89A8908E9
1D230E7F1FF78
0000000000000
0000000000000
0000000000000
0000000000000
10402437E9842
0000000000000
0000000000000
1ACFDEBEC7F20
0000000000000
0000000000000
184A047E84EDD
10A43764B150A
1398053DE0E39
0000000000000
10246F17C281B
0000000000000
0000000000000
0000000000000
0000000000000
0000000000000
104A04DC97CF0
14729C29839DC
120409983E897
0000000000000
0000000000000
0000000000000
14D11DAB2BB84
0000000000000
0000000000000
0000000000000
0000000000000
0000000000000
0000000000000
10460720600B9
0000000000000
0000000000000
1063A8ACEAD43
0000000000000
0000000000000
0000000000000
0000000000000
0000000000000
0000000000000
102E030C14C6D
0000000000000
0000000000000
0000000000000
10B40A2D35D8E
0000000000000
0000000000000
104E45BCB2D0B
0000000000000
0000000000000
0000000000000
105D0A234139A
106369F8F494D
125D2A095D9B6
143B2F94C151A
0000000000000
0000000000000
0000000000000
10AB84DD2AD83
0000000000000
0000000000000
0000000000000
0000000000000
0000000000000
167461E707760
165A04DB46B9F
0000000000000
0000000000000
1827233E7DED6
1109D5CD57DB0
0000000000000
101901261666F
10250358A7900
150E07152657F
0000000000000
117230B3763CF
0000000000000
12F49839729CB
104AB8ECA0CF9
10163138988F1
0000000000000
10410905CA623
0000000000000
0000000000000
0000000000000
0000000000000
0000000000000
107620B23A293
105A26431436D
0000000000000
0000000000000
0000000000000
1E833E7F3BF94
12B8D47DBFE18
10214037BB814
104D486A57AB0
0000000000000
107403F58C5E5
0000000000000
0000000000000
0000000000000
0000000000000
0000000000000
1C31CEAEE5F3E
0000000000000
0000000000000
102D0FB729782
0000000000000
0000000000000
106405343148A
0000000000000
10405B162467D
10E61C0AB6B0F
0000000000000
10917C781C875
0000000000000
10AB07792197A
0000000000000
0000000000000
0000000000000
0000000000000
0000000000000
117906783488D
1A430C4B92BEB
0000000000000
0000000000000
0000000000000
0000000000000
0000000000000
107405F2942ED
0000000000000
0000000000000
0000000000000
146803F9829DB
0000000000000
0000000000000
1A7A074EBDF16
11E44B79509A9
0000000000000
102C199C09C62
0000000000000
102E395C17C70
0000000000000
0000000000000
0000000000000
0000000000000
0000000000000
10505E5CB8D11
0000000000000
0000000000000
13553D7DD7E30
0000000000000
0000000000000
1021048418471
0000000000000
0000000000000
0000000000000
0000000000000
1063109A76ACF
0000000000000
168B383E45E9E
10210404C651F
0000000000000
116D86283388C
101501952B584
10F29F1ABAB13
103D08F3F9452
107C04D0CE127
0000000000000
0000000000000
0000000000000
104C1D9CA3CFC
0000000000000
0000000000000
0000000000000
0000000000000
0000000000000
1021050BD2C2B
0000000000000
12E1096DCAE23
0000000000000
0000000000000
0000000000000
0000000000000
0000000000000
11A012B208261
0000000000000
115203B107160
0000000000000
10241A341A473
12A2826DBCE15
0000000000000
0000000000000
0000000000000
10A803C75D7B6
0000000000000
133806E4694C2
0000000000000
0000000000000
0000000000000
0000000000000
0000000000000
104D03B2DF338
0000000000000
10A003E91E977
0000000000000
103D067C58CB1
0000000000000
0000000000000
0000000000000
0000000000000
0000000000000
1D96714F2CF85
0000000000000
1030978A03A5C
0000000000000
0000000000000
10740B76C271B
0000000000000
104C109507560
17BD1D98898E2
168A0717A07F9
0000000000000
102D46653158A
0000000000000
0000000000000
0000000000000
0000000000000
0000000000000
0000000000000
0000000000000
0000000000000
1AC89A2EC6F1F
11E005B2D432D
0000000000000
0000000000000
134313733338C
15082E78718CA
109B921A97AF0
0000000000000
117F68FAD4B2D
0000000000000
0000000000000
0000000000000
0000000000000
153E04D60E667
103D03F040099
0000000000000
0000000000000
1041048C77CD0
10472594D0529
10CF0E01F124A
1A3F033EB1F0A
1069BB4CF3D4C
0000000000000
0000000000000
104504D4A64FF
0000000000000
102B6058B0909
0000000000000
11C57C97757CE
102E30D4FA553
0000000000000
0000000000000
1223CF3D9EDF7
0000000000000
0000000000000
125E0876E8741
0000000000000
0000000000000
0000000000000
11220F70D512E
104F27FA63ABC
0000000000000
10622B2A73ACC
104904E1F8251
14A407A78D7E6
1C49C4CEE9F42
0000000000000
0000000000000
0000000000000
10410681F7250
125A0A277B7D4
0000000000000
0000000000000
105105C42D486
124F04D1FC255
0000000000000
0000000000000
0000000000000
0000000000000
0000000000000
0000000000000
0000000000000
10780D063E697
0000000000000
0000000000000
10AB4BAA9DAF6
104D05B2AF308
0000000000000
0000000000000
0000000000000
0000000000000
0000000000000
12E810A3793D2
0000000000000
104D053CA6CFF
0000000000000
0000000000000
0000000000000
106306181186A
0000000000000
0000000000000
0000000000000
0000000000000
0000000000000
0000000000000
0000000000000
1911073E93EEC
0000000000000
105B053CCED27
0000000000000
0000000000000
0000000000000
1121025D60DB9
0000000000000
10630717517AA
0000000000000
125D04D3783D1
0000000000000
1028024BF8C51
0000000000000
112033E30635F
104E2B52892E2
101801889A8F3
0000000000000
10500A242C485
0000000000000
0000000000000
104C0B1800859
0000000000000
0000000000000
191105BE92EEB
0000000000000
0000000000000
0000000000000
0000000000000
10448A1C87CE0
0000000000000
0000000000000
0000000000000
0000000000000
0000000000000
16DE6F970A763
0000000000000
0000000000000
10C392F92D986
0000000000000
0000000000000
0000000000000
0000000000000
0000000000000
0000000000000
0000000000000
106B03F8FF958
0000000000000
0000000000000
0000000000000
11662403B0409
0000000000000
14570716F474D
0000000000000
1C78D1EEF7F50
10B3D6ED34D8D
0000000000000
0000000000000
0000000000000
106F846CFAD53
0000000000000
168218B9989F1
0000000000000
12FC0FB3D242B
1BC905BEDEF37
167505E9969EF
1BA8AFABB8C11
11A2AE5ADDB36
0000000000000
0000000000000
0000000000000
0000000000000
0000000000000
137E4634934EC
0000000000000
1589980E2BE84
14555E36646BD
0000000000000
135821651B574
0000000000000
0000000000000
103C0A569C6F5
0000000000000
103408FC3CC95
0000000000000
13C1456DE6E3F
12020102A7300
15C27516FF758
0000000000000
103C09D62167A
0000000000000
101401749A4F3
101666EBC5C1E
0000000000000
108B08F38F3E8
103B39E3F8451
12B950B96A9C3
0000000000000
1717067E57EB0
0000000000000
107307DCFDD56
123E09F95B9B4
106B06745C4B5
127E95D9639BC
11232513473A0
0000000000000
101000A710769
1AA10D8EC1F1A
0000000000000
0000000000000
14D86B6B2DB86
13C946446A4C3
1123259D61DBA
0000000000000
0000000000000
0000000000000
107306DA84ADD
102335C30D366
14C7963B2AB83
1170067D78DD1
0000000000000
103C07D0F0149
0000000000000
0000000000000
0000000000000
0000000000000
0000000000000
0000000000000
0000000000000
0000000000000
0000000000000
105403FCC2D1B
0000000000000
0000000000000
0000000000000
0000000000000
0000000000000
0000000000000
0000000000000
0000000000000
0000000000000
0000000000000
0000000000000
0000000000000
0000000000000
0000000000000
10300421F524E
103404F3BD416
12650FB2D7330
0000000000000
0000000000000
0000000000000
10630C15DF638
0000000000000
0000000000000
0000000000000
10B31F5D32D8B
0000000000000
1C2C06AEE3F3C
0000000000000
10630C908B0E4
0000000000000
10300721CA223
0000000000000
0000000000000
108F04809A0F3
0000000000000
104E20D4814DA
0000000000000
103C04D30E367
0000000000000
0000000000000
15014FF5A9602
0000000000000
10D607C2D132A
0000000000000
0000000000000
0000000000000
183805A9B2A0B
0000000000000
123A05A59A5F3
11BB0C41641BD
106B0B790195A
0000000000000
0000000000000
0000000000000
0000000000000
0000000000000
1047359400459
0000000000000
104004E7E7840
0000000000000
0000000000000
0000000000000
149F05F6696C2
1039928A15A6E
0000000000000
115507A830889
10400467E683F
0000000000000
0000000000000
0000000000000
105006ACB5D0E
0000000000000
0000000000000
0000000000000
104005E02E087
0000000000000
0000000000000
0000000000000
0000000000000
1CF6071F1AF73
10422526A9702
0000000000000
0000000000000
0000000000000
0000000000000
16F80419A59FE
13530538538AC
0000000000000
103C4188CA923
104C04901A073
0000000000000
0000000000000
0000000000000
0000000000000
0000000000000
103403FC38C91
0000000000000
0000000000000
106B0E734339C
12FC053B04B5D
0000000000000
0000000000000
149F067B28B81
0000000000000
0000000000000
0000000000000
0000000000000
0000000000000
0000000000000
0000000000000
0000000000000
0000000000000
13F10673A43FD
0000000000000
104007642547E
0000000000000
192623AE99EF2
10F90A293698F
126717FAEDB46
126006B309362
1027039BF3C4C
102A53352F588
10347D2C3FC98
0000000000000
1061563CDDD36
1AF1A92BADC06
0000000000000
0000000000000
0000000000000
0000000000000
107461AD00D59
0000000000000
0000000000000
1D313CAF21F7A
0000000000000
0000000000000
0000000000000
0000000000000
0000000000000
0000000000000
10170159D1A2A
0000000000000
0000000000000
0000000000000
10470810660BF
10660673713CA
0000000000000
0000000000000
14DC1FCB2EB87
107A407A8DAE6
0000000000000
0000000000000
106204A2792D2
106605F1971F0
167003EE3FE98
0000000000000
0000000000000
0000000000000
10A468ED24D7D
0000000000000
10470B16AE707
0000000000000
0000000000000
0000000000000
0000000000000
0000000000000
0000000000000
0000000000000
0000000000000
0000000000000
0000000000000
0000000000000
0000000000000
0000000000000
0000000000000
0000000000000
0000000000000
0000000000000
106A048A7FAD8
0000000000000
0000000000000
166C04D70675F
1476868E04E5D
107E071D0ED67
0000000000000
106603F0850DE
0000000000000
16E47A37A67FF
10370A572F788
0000000000000
0000000000000
13CC06760665F
177E77EB53BAC
0000000000000
0000000000000
0000000000000
0000000000000
158618BB39B92
10B010A7607B9
0000000000000
10270696876E0
0000000000000
0000000000000
0000000000000
171915BB51BAA
0000000000000
0000000000000
0000000000000
0000000000000
0000000000000
0000000000000
0000000000000
0000000000000
10530D0CC0D19
0000000000000
106240D45B4B4
0000000000000
0000000000000
10AB22F92297B
12A62DD518571
130A03E2B9312
1A70071BA1BFA
100F00F52A583
103E199A26A7F
0000000000000
102304C9E0A39
0000000000000
0000000000000
0000000000000
0000000000000
11C60686E0739
0000000000000
10270497C581E
0000000000000
0000000000000
0000000000000
1092086D1AD73
0000000000000
13B312B7817DA
12AC3372F7350
0000000000000
102305C71F778
0000000000000
11870A294B9A4
11830413493A2
0000000000000
105033A8E7940
0000000000000
0000000000000
122F640D9FDF8
0000000000000
0000000000000
0000000000000
10DC15593298B
0000000000000
0000000000000
0000000000000
0000000000000
0000000000000
0000000000000
0000000000000
0000000000000
0000000000000
0000000000000
10221BA17E1D7
153004DB33B8C
13C269897D9D6
103B06E8C391C
0000000000000
1833848B68BC1
104F03F31136A
0000000000000
0000000000000
0000000000000
104A108C9CCF5
0000000000000
11031E11981F1
0000000000000
0000000000000
0000000000000
0000000000000
0000000000000
103F0535C661F
0000000000000
132A09EDCEE27
0000000000000
0000000000000
0000000000000
0000000000000
0000000000000
103F05B2BC315
0000000000000
0000000000000
10330608BC915
0000000000000
0000000000000
0000000000000
1C2F070EE4F3D
108A06091296B
11DA07183A893
12640DC39B3F4
0000000000000
0000000000000
0000000000000
0000000000000
104303C7F184A
0000000000000
103B046008061
0000000000000
0000000000000
0000000000000
0000000000000
1DBA0A2F2FF88
1043044C82CDB
128C02A24A2A3
103B03E05B0B4
0000000000000
0000000000000
0000000000000
0000000000000
0000000000000
104304C07E0D7
10403465C9622
0000000000000
0000000000000
0000000000000
0000000000000
104255D627680
104704913118A
104305412117A
0000000000000
0000000000000
0000000000000
10530686B9712
0000000000000
0000000000000
15171D17907E9
0000000000000
0000000000000
0000000000000
103213EC28C81
0000000000000
104F04718F1E8
0000000000000
104707947A4D3
10230C4BE2C3B
0000000000000
0000000000000
0000000000000
105A4AFA67AC0
10252CD8A9902
14B1CB0E12E6B
10470713FF458
1C81D26EF8F51
0000000000000
0000000000000
0000000000000
0000000000000
13FE24085E8B7
0000000000000
1047069C8CCE5
0000000000000
0000000000000
0000000000000
10170F521326C
0000000000000
107A0DC5E663F
0000000000000
1047061C8BCE4
13AD3B23673C0
0000000000000
0000000000000
10320DEC27C80
0000000000000
0000000000000
12B6069AFBB54
104208A100159
102603F9EFA48
102A0300C9122
0000000000000
1141A83D6ADC3
10331D81F624F
0000000000000
0000000000000
0000000000000
0000000000000
0000000000000
103B1F6C4ECA7
0000000000000
0000000000000
101A0147B9812
118A0C56556AE
10282244C8521
102602F9EEA47
0000000000000
0000000000000
0000000000000
10160139CFA28
0000000000000
0000000000000
1C5905FEEEF47
0000000000000
0000000000000
0000000000000
0000000000000
0000000000000
0000000000000
0000000000000
0000000000000
0000000000000
0000000000000
13BC15B85C8B5
0000000000000
0000000000000
11939DBADBB34
0000000000000
0000000000000
0000000000000
0000000000000
0000000000000
0000000000000
0000000000000
0000000000000
0000000000000
0000000000000
115BD6CD72DCB
0000000000000
0000000000000
105D0675DC635
0000000000000
0000000000000
0000000000000
0000000000000
10AC071AA0AF9
0000000000000
104E09DA5CAB5
0000000000000
0000000000000
0000000000000
0000000000000
0000000000000
10D668FAB0B09
0000000000000
0000000000000
190B021E91EEA
0000000000000
12D207484D8A6
11416C082E887
132506BDCDE26
19341999C4A1D
0000000000000
0000000000000
0000000000000
1052CEFCBDD16
104E4F07497A2
0000000000000
10420DA2DC335
0000000000000
102A060BFFC58
117A071D7CDD5
0000000000000
0000000000000
108509D1D322C
0000000000000
10471C17F9852
0000000000000
0000000000000
0000000000000
105D03F00B064
10331B01A01F9
0000000000000
0000000000000
0000000000000
0000000000000
0000000000000
100E0059CBA24
1012016BBFC18
105F23C238291
0000000000000
10B403F4B250B
0000000000000
0000000000000
11201460F114A
0000000000000
0000000000000
0000000000000
0000000000000
1204437D9CDF5
0000000000000
0000000000000
0000000000000
0000000000000
0000000000000
0000000000000
0000000000000
0000000000000
0000000000000
0000000000000
0000000000000
14520C1DFBE54
11831416DF738
1033150C33C8C
10253A552D586
103E0717E0839
0000000000000
0000000000000
10B44D25905E9
0000000000000
12F531F2D9332
0000000000000
1B32954ECEF27
16DA04DE50EA9
14772A1E05E5E
0000000000000
0000000000000
0000000000000
0000000000000
10DC04D34539E
0000000000000
0000000000000
0000000000000
0000000000000
0000000000000
0000000000000
0000000000000
0000000000000
0000000000000
103E069C60CB9
0000000000000
0000000000000
0000000000000
0000000000000
0000000000000
10590E20FE157
11EB62BAE4B3D
0000000000000
1047139340399
148D04A55F5B8
0000000000000
0000000000000
0000000000000
0000000000000
0000000000000
0000000000000
0000000000000
0000000000000
0000000000000
0000000000000
0000000000000
103605B3DB434
0000000000000
0000000000000
1B8D15BED5F2E
10231941FD256
0000000000000
0000000000000
0000000000000
0000000000000
0000000000000
103E04923528E
0000000000000
0000000000000
0000000000000
10F112410A163
0000000000000
0000000000000
10F005A0F9152
169B45A709762
0000000000000
104605F227280
0000000000000
0000000000000
105D097A6DAC6
1036023C41C9A
0000000000000
110E7A976A7C3
0000000000000
0000000000000
120C0A26576B0
0000000000000
11BE1A24674C0
0000000000000
0000000000000
104245D8D592E
0000000000000
104604F8D8931
129705BAF7B50
0000000000000
0000000000000
0000000000000
0000000000000
12B93B84914EA
110818CD55DAE
10636BCA79AD2
0000000000000
0000000000000
0000000000000
0000000000000
104F14728A2E3
0000000000000
104206A62567E
103063D7D282B
1063A87A7AAD3
102E0258B490D
0000000000000
182F52CE80ED9
0000000000000
0000000000000
125BCB5DA9E02
10260D75B8611
0000000000000
104E04D47E4D7
12240D43773D0
0000000000000
0000000000000
0000000000000
197B1CDB82BDB
123B30CDA3DFC
0000000000000
0000000000000
0000000000000
0000000000000
0000000000000
13666819789D1
11027B2ABFB18
10460673BF418
0000000000000
0000000000000
